No.,Time,Source,Destination,Protocol,Length,Info,,
7,2.5362153,192.168.2.137,216.239.38.120,ICMP,74,"Echo (ping) request  id=0x0001, seq=347/23297, ttl=128 (reply in 8)",,COUN
8,2.5720178,216.239.38.120,192.168.2.137,ICMP,74,"Echo (ping) reply    id=0x0001, seq=347/23297, ttl=113 (request in 7)",,
9,3.5460335,192.168.2.137,216.239.38.120,ICMP,74,"Echo (ping) request  id=0x0001, seq=348/23553, ttl=128 (reply in 10)",,
10,3.5904939,216.239.38.120,192.168.2.137,ICMP,74,"Echo (ping) reply    id=0x0001, seq=348/23553, ttl=113 (request in 9)",,
11,4.5594633,192.168.2.137,216.239.38.120,ICMP,74,"Echo (ping) request  id=0x0001, seq=349/23809, ttl=128 (reply in 12)",,
12,4.5929503,216.239.38.120,192.168.2.137,ICMP,74,"Echo (ping) reply    id=0x0001, seq=349/23809, ttl=113 (request in 11)",,601
15,5.574256,192.168.2.137,216.239.38.120,ICMP,74,"Echo (ping) request  id=0x0001, seq=350/24065, ttl=128 (reply in 16)",,2.5362153
16,5.6147587,216.239.38.120,192.168.2.137,ICMP,74,"Echo (ping) reply    id=0x0001, seq=350/24065, ttl=113 (request in 15)",,
19,6.5844744,192.168.2.137,216.239.38.120,ICMP,74,"Echo (ping) request  id=0x0001, seq=351/24321, ttl=128 (reply in 21)",,
21,6.6226087,216.239.38.120,192.168.2.137,ICMP,74,"Echo (ping) reply    id=0x0001, seq=351/24321, ttl=113 (request in 19)",,
55,7.5958882,192.168.2.137,216.239.38.120,ICMP,74,"Echo (ping) request  id=0x0001, seq=352/24577, ttl=128 (reply in 56)",,
56,7.6291805,216.239.38.120,192.168.2.137,ICMP,74,"Echo (ping) reply    id=0x0001, seq=352/24577, ttl=113 (request in 55)",,
58,8.6058345,192.168.2.137,216.239.38.120,ICMP,74,"Echo (ping) request  id=0x0001, seq=353/24833, ttl=128 (reply in 59)",,
59,8.6389826,216.239.38.120,192.168.2.137,ICMP,74,"Echo (ping) reply    id=0x0001, seq=353/24833, ttl=113 (request in 58)",,
62,9.6182738,192.168.2.137,216.239.38.120,ICMP,74,"Echo (ping) request  id=0x0001, seq=354/25089, ttl=128 (reply in 63)",,
63,9.6544072,216.239.38.120,192.168.2.137,ICMP,74,"Echo (ping) reply    id=0x0001, seq=354/25089, ttl=113 (request in 62)",,
67,10.6300436,192.168.2.137,216.239.38.120,ICMP,74,"Echo (ping) request  id=0x0001, seq=355/25345, ttl=128 (reply in 68)",,
68,10.6621387,216.239.38.120,192.168.2.137,ICMP,74,"Echo (ping) reply    id=0x0001, seq=355/25345, ttl=113 (request in 67)",,
71,11.6376714,192.168.2.137,216.239.38.120,ICMP,74,"Echo (ping) request  id=0x0001, seq=356/25601, ttl=128 (reply in 72)",,
72,11.6715779,216.239.38.120,192.168.2.137,ICMP,74,"Echo (ping) reply    id=0x0001, seq=356/25601, ttl=113 (request in 71)",,
73,12.6459189,192.168.2.137,216.239.38.120,ICMP,74,"Echo (ping) request  id=0x0001, seq=357/25857, ttl=128 (reply in 74)",,
74,12.6786345,216.239.38.120,192.168.2.137,ICMP,74,"Echo (ping) reply    id=0x0001, seq=357/25857, ttl=113 (request in 73)",,
75,13.6611946,192.168.2.137,216.239.38.120,ICMP,74,"Echo (ping) request  id=0x0001, seq=358/26113, ttl=128 (reply in 76)",,
76,13.6942087,216.239.38.120,192.168.2.137,ICMP,74,"Echo (ping) reply    id=0x0001, seq=358/26113, ttl=113 (request in 75)",,
77,14.6725917,192.168.2.137,216.239.38.120,ICMP,74,"Echo (ping) request  id=0x0001, seq=359/26369, ttl=128 (reply in 78)",,
78,14.7078808,216.239.38.120,192.168.2.137,ICMP,74,"Echo (ping) reply    id=0x0001, seq=359/26369, ttl=113 (request in 77)",,
81,15.6790664,192.168.2.137,216.239.38.120,ICMP,74,"Echo (ping) request  id=0x0001, seq=360/26625, ttl=128 (reply in 82)",,
82,15.7134263,216.239.38.120,192.168.2.137,ICMP,74,"Echo (ping) reply    id=0x0001, seq=360/26625, ttl=113 (request in 81)",,
83,16.6944522,192.168.2.137,216.239.38.120,ICMP,74,"Echo (ping) request  id=0x0001, seq=361/26881, ttl=128 (reply in 84)",,
84,16.7278754,216.239.38.120,192.168.2.137,ICMP,74,"Echo (ping) reply    id=0x0001, seq=361/26881, ttl=113 (request in 83)",,
85,17.7117695,192.168.2.137,216.239.38.120,ICMP,74,"Echo (ping) request  id=0x0001, seq=362/27137, ttl=128 (reply in 86)",,
86,17.7452238,216.239.38.120,192.168.2.137,ICMP,74,"Echo (ping) reply    id=0x0001, seq=362/27137, ttl=113 (request in 85)",,
91,18.717718,192.168.2.137,216.239.38.120,ICMP,74,"Echo (ping) request  id=0x0001, seq=363/27393, ttl=128 (reply in 92)",,
92,18.7544643,216.239.38.120,192.168.2.137,ICMP,74,"Echo (ping) reply    id=0x0001, seq=363/27393, ttl=113 (request in 91)",,
95,19.7327067,192.168.2.137,216.239.38.120,ICMP,74,"Echo (ping) request  id=0x0001, seq=364/27649, ttl=128 (reply in 96)",,
96,19.7655202,216.239.38.120,192.168.2.137,ICMP,74,"Echo (ping) reply    id=0x0001, seq=364/27649, ttl=113 (request in 95)",,
97,20.7518119,192.168.2.137,216.239.38.120,ICMP,74,"Echo (ping) request  id=0x0001, seq=365/27905, ttl=128 (reply in 98)",,
98,20.8002034,216.239.38.120,192.168.2.137,ICMP,74,"Echo (ping) reply    id=0x0001, seq=365/27905, ttl=113 (request in 97)",,
99,21.7599488,192.168.2.137,216.239.38.120,ICMP,74,"Echo (ping) request  id=0x0001, seq=366/28161, ttl=128 (reply in 100)",,
100,21.8213163,216.239.38.120,192.168.2.137,ICMP,74,"Echo (ping) reply    id=0x0001, seq=366/28161, ttl=113 (request in 99)",,
101,22.7788751,192.168.2.137,216.239.38.120,ICMP,74,"Echo (ping) request  id=0x0001, seq=367/28417, ttl=128 (reply in 102)",,
102,22.812304,216.239.38.120,192.168.2.137,ICMP,74,"Echo (ping) reply    id=0x0001, seq=367/28417, ttl=113 (request in 101)",,
103,23.7900177,192.168.2.137,216.239.38.120,ICMP,74,"Echo (ping) request  id=0x0001, seq=368/28673, ttl=128 (reply in 104)",,
104,23.8232224,216.239.38.120,192.168.2.137,ICMP,74,"Echo (ping) reply    id=0x0001, seq=368/28673, ttl=113 (request in 103)",,
105,24.800619,192.168.2.137,216.239.38.120,ICMP,74,"Echo (ping) request  id=0x0001, seq=369/28929, ttl=128 (reply in 106)",,
106,24.8333926,216.239.38.120,192.168.2.137,ICMP,74,"Echo (ping) reply    id=0x0001, seq=369/28929, ttl=113 (request in 105)",,
114,25.8108368,192.168.2.137,216.239.38.120,ICMP,74,"Echo (ping) request  id=0x0001, seq=370/29185, ttl=128 (reply in 115)",,
115,25.843941,216.239.38.120,192.168.2.137,ICMP,74,"Echo (ping) reply    id=0x0001, seq=370/29185, ttl=113 (request in 114)",,
116,26.8234398,192.168.2.137,216.239.38.120,ICMP,74,"Echo (ping) request  id=0x0001, seq=371/29441, ttl=128 (reply in 117)",,
117,26.8568738,216.239.38.120,192.168.2.137,ICMP,74,"Echo (ping) reply    id=0x0001, seq=371/29441, ttl=113 (request in 116)",,
118,27.8294728,192.168.2.137,216.239.38.120,ICMP,74,"Echo (ping) request  id=0x0001, seq=372/29697, ttl=128 (reply in 119)",,
119,27.8653556,216.239.38.120,192.168.2.137,ICMP,74,"Echo (ping) reply    id=0x0001, seq=372/29697, ttl=113 (request in 118)",,
126,28.8364001,192.168.2.137,216.239.38.120,ICMP,74,"Echo (ping) request  id=0x0001, seq=373/29953, ttl=128 (reply in 127)",,
127,28.8854696,216.239.38.120,192.168.2.137,ICMP,74,"Echo (ping) reply    id=0x0001, seq=373/29953, ttl=113 (request in 126)",,
131,29.842362,192.168.2.137,216.239.38.120,ICMP,74,"Echo (ping) request  id=0x0001, seq=374/30209, ttl=128 (reply in 132)",,
132,29.8770664,216.239.38.120,192.168.2.137,ICMP,74,"Echo (ping) reply    id=0x0001, seq=374/30209, ttl=113 (request in 131)",,
134,30.852575,192.168.2.137,216.239.38.120,ICMP,74,"Echo (ping) request  id=0x0001, seq=375/30465, ttl=128 (reply in 135)",,
135,30.8857815,216.239.38.120,192.168.2.137,ICMP,74,"Echo (ping) reply    id=0x0001, seq=375/30465, ttl=113 (request in 134)",,
137,31.8640653,192.168.2.137,216.239.38.120,ICMP,74,"Echo (ping) request  id=0x0001, seq=376/30721, ttl=128 (reply in 138)",,
138,31.9005643,216.239.38.120,192.168.2.137,ICMP,74,"Echo (ping) reply    id=0x0001, seq=376/30721, ttl=113 (request in 137)",,
145,32.8744516,192.168.2.137,216.239.38.120,ICMP,74,"Echo (ping) request  id=0x0001, seq=377/30977, ttl=128 (reply in 146)",,
146,32.9072961,216.239.38.120,192.168.2.137,ICMP,74,"Echo (ping) reply    id=0x0001, seq=377/30977, ttl=113 (request in 145)",,
150,33.8815974,192.168.2.137,216.239.38.120,ICMP,74,"Echo (ping) request  id=0x0001, seq=378/31233, ttl=128 (reply in 151)",,
151,33.9163656,216.239.38.120,192.168.2.137,ICMP,74,"Echo (ping) reply    id=0x0001, seq=378/31233, ttl=113 (request in 150)",,
154,34.8980953,192.168.2.137,216.239.38.120,ICMP,74,"Echo (ping) request  id=0x0001, seq=379/31489, ttl=128 (reply in 155)",,
155,34.9505132,216.239.38.120,192.168.2.137,ICMP,74,"Echo (ping) reply    id=0x0001, seq=379/31489, ttl=113 (request in 154)",,
156,35.9163516,192.168.2.137,216.239.38.120,ICMP,74,"Echo (ping) request  id=0x0001, seq=380/31745, ttl=128 (reply in 157)",,
157,35.9560543,216.239.38.120,192.168.2.137,ICMP,74,"Echo (ping) reply    id=0x0001, seq=380/31745, ttl=113 (request in 156)",,
158,36.9269117,192.168.2.137,216.239.38.120,ICMP,74,"Echo (ping) request  id=0x0001, seq=381/32001, ttl=128 (reply in 159)",,
159,36.9598568,216.239.38.120,192.168.2.137,ICMP,74,"Echo (ping) reply    id=0x0001, seq=381/32001, ttl=113 (request in 158)",,
160,37.9410812,192.168.2.137,216.239.38.120,ICMP,74,"Echo (ping) request  id=0x0001, seq=382/32257, ttl=128 (reply in 161)",,
161,37.973942,216.239.38.120,192.168.2.137,ICMP,74,"Echo (ping) reply    id=0x0001, seq=382/32257, ttl=113 (request in 160)",,
162,38.9556619,192.168.2.137,216.239.38.120,ICMP,74,"Echo (ping) request  id=0x0001, seq=383/32513, ttl=128 (reply in 163)",,
163,38.9879586,216.239.38.120,192.168.2.137,ICMP,74,"Echo (ping) reply    id=0x0001, seq=383/32513, ttl=113 (request in 162)",,
165,39.9634535,192.168.2.137,216.239.38.120,ICMP,74,"Echo (ping) request  id=0x0001, seq=384/32769, ttl=128 (reply in 166)",,
166,39.9963996,216.239.38.120,192.168.2.137,ICMP,74,"Echo (ping) reply    id=0x0001, seq=384/32769, ttl=113 (request in 165)",,
198,40.9685505,192.168.2.137,216.239.38.120,ICMP,74,"Echo (ping) request  id=0x0001, seq=385/33025, ttl=128 (reply in 199)",,
199,41.0016757,216.239.38.120,192.168.2.137,ICMP,74,"Echo (ping) reply    id=0x0001, seq=385/33025, ttl=113 (request in 198)",,
200,41.9759179,192.168.2.137,216.239.38.120,ICMP,74,"Echo (ping) request  id=0x0001, seq=386/33281, ttl=128 (reply in 201)",,
201,42.008727,216.239.38.120,192.168.2.137,ICMP,74,"Echo (ping) reply    id=0x0001, seq=386/33281, ttl=113 (request in 200)",,
204,42.9824243,192.168.2.137,216.239.38.120,ICMP,74,"Echo (ping) request  id=0x0001, seq=387/33537, ttl=128 (reply in 205)",,
205,43.0152081,216.239.38.120,192.168.2.137,ICMP,74,"Echo (ping) reply    id=0x0001, seq=387/33537, ttl=113 (request in 204)",,
206,43.9886131,192.168.2.137,216.239.38.120,ICMP,74,"Echo (ping) request  id=0x0001, seq=388/33793, ttl=128 (reply in 207)",,
207,44.0231061,216.239.38.120,192.168.2.137,ICMP,74,"Echo (ping) reply    id=0x0001, seq=388/33793, ttl=113 (request in 206)",,
208,45.0063874,192.168.2.137,216.239.38.120,ICMP,74,"Echo (ping) request  id=0x0001, seq=389/34049, ttl=128 (reply in 209)",,
209,45.0389323,216.239.38.120,192.168.2.137,ICMP,74,"Echo (ping) reply    id=0x0001, seq=389/34049, ttl=113 (request in 208)",,
211,46.0240752,192.168.2.137,216.239.38.120,ICMP,74,"Echo (ping) request  id=0x0001, seq=390/34305, ttl=128 (reply in 212)",,
212,46.0640492,216.239.38.120,192.168.2.137,ICMP,74,"Echo (ping) reply    id=0x0001, seq=390/34305, ttl=113 (request in 211)",,
213,47.0344772,192.168.2.137,216.239.38.120,ICMP,74,"Echo (ping) request  id=0x0001, seq=391/34561, ttl=128 (reply in 214)",,
214,47.097083,216.239.38.120,192.168.2.137,ICMP,74,"Echo (ping) reply    id=0x0001, seq=391/34561, ttl=113 (request in 213)",,
215,48.0517865,192.168.2.137,216.239.38.120,ICMP,74,"Echo (ping) request  id=0x0001, seq=392/34817, ttl=128 (reply in 216)",,
216,48.0982124,216.239.38.120,192.168.2.137,ICMP,74,"Echo (ping) reply    id=0x0001, seq=392/34817, ttl=113 (request in 215)",,
217,49.0596836,192.168.2.137,216.239.38.120,ICMP,74,"Echo (ping) request  id=0x0001, seq=393/35073, ttl=128 (reply in 219)",,
219,49.1018583,216.239.38.120,192.168.2.137,ICMP,74,"Echo (ping) reply    id=0x0001, seq=393/35073, ttl=113 (request in 217)",,
221,50.0669591,192.168.2.137,216.239.38.120,ICMP,74,"Echo (ping) request  id=0x0001, seq=394/35329, ttl=128 (reply in 222)",,
222,50.1233123,216.239.38.120,192.168.2.137,ICMP,74,"Echo (ping) reply    id=0x0001, seq=394/35329, ttl=113 (request in 221)",,
223,51.0768396,192.168.2.137,216.239.38.120,ICMP,74,"Echo (ping) request  id=0x0001, seq=395/35585, ttl=128 (reply in 230)",,
230,51.1110654,216.239.38.120,192.168.2.137,ICMP,74,"Echo (ping) reply    id=0x0001, seq=395/35585, ttl=113 (request in 223)",,
237,52.0870709,192.168.2.137,216.239.38.120,ICMP,74,"Echo (ping) request  id=0x0001, seq=396/35841, ttl=128 (reply in 238)",,
238,52.1201373,216.239.38.120,192.168.2.137,ICMP,74,"Echo (ping) reply    id=0x0001, seq=396/35841, ttl=113 (request in 237)",,
239,53.0974729,192.168.2.137,216.239.38.120,ICMP,74,"Echo (ping) request  id=0x0001, seq=397/36097, ttl=128 (reply in 240)",,
240,53.1308093,216.239.38.120,192.168.2.137,ICMP,74,"Echo (ping) reply    id=0x0001, seq=397/36097, ttl=113 (request in 239)",,
244,54.1085682,192.168.2.137,216.239.38.120,ICMP,74,"Echo (ping) request  id=0x0001, seq=398/36353, ttl=128 (reply in 245)",,
245,54.1422129,216.239.38.120,192.168.2.137,ICMP,74,"Echo (ping) reply    id=0x0001, seq=398/36353, ttl=113 (request in 244)",,
246,55.1200825,192.168.2.137,216.239.38.120,ICMP,74,"Echo (ping) request  id=0x0001, seq=399/36609, ttl=128 (reply in 247)",,
247,55.1531761,216.239.38.120,192.168.2.137,ICMP,74,"Echo (ping) reply    id=0x0001, seq=399/36609, ttl=113 (request in 246)",,
250,56.1307596,192.168.2.137,216.239.38.120,ICMP,74,"Echo (ping) request  id=0x0001, seq=400/36865, ttl=128 (reply in 251)",,
251,56.1634492,216.239.38.120,192.168.2.137,ICMP,74,"Echo (ping) reply    id=0x0001, seq=400/36865, ttl=113 (request in 250)",,
252,57.1372479,192.168.2.137,216.239.38.120,ICMP,74,"Echo (ping) request  id=0x0001, seq=401/37121, ttl=128 (reply in 253)",,
253,57.1815542,216.239.38.120,192.168.2.137,ICMP,74,"Echo (ping) reply    id=0x0001, seq=401/37121, ttl=113 (request in 252)",,
254,58.1586526,192.168.2.137,216.239.38.120,ICMP,74,"Echo (ping) request  id=0x0001, seq=402/37377, ttl=128 (reply in 255)",,
255,58.3335382,216.239.38.120,192.168.2.137,ICMP,74,"Echo (ping) reply    id=0x0001, seq=402/37377, ttl=113 (request in 254)",,
256,59.1729293,192.168.2.137,216.239.38.120,ICMP,74,"Echo (ping) request  id=0x0001, seq=403/37633, ttl=128 (reply in 257)",,
257,59.2223844,216.239.38.120,192.168.2.137,ICMP,74,"Echo (ping) reply    id=0x0001, seq=403/37633, ttl=113 (request in 256)",,
258,60.1847609,192.168.2.137,216.239.38.120,ICMP,74,"Echo (ping) request  id=0x0001, seq=404/37889, ttl=128 (reply in 259)",,
259,60.2518049,216.239.38.120,192.168.2.137,ICMP,74,"Echo (ping) reply    id=0x0001, seq=404/37889, ttl=113 (request in 258)",,
260,61.194351,192.168.2.137,216.239.38.120,ICMP,74,"Echo (ping) request  id=0x0001, seq=405/38145, ttl=128 (reply in 261)",,
261,61.2341397,216.239.38.120,192.168.2.137,ICMP,74,"Echo (ping) reply    id=0x0001, seq=405/38145, ttl=113 (request in 260)",,
270,62.205458,192.168.2.137,216.239.38.120,ICMP,74,"Echo (ping) request  id=0x0001, seq=406/38401, ttl=128 (no response found!)",,
285,67.184382,192.168.2.137,216.239.38.120,ICMP,74,"Echo (ping) request  id=0x0001, seq=407/38657, ttl=128 (reply in 287)",,
287,67.2392509,216.239.38.120,192.168.2.137,ICMP,74,"Echo (ping) reply    id=0x0001, seq=407/38657, ttl=113 (request in 285)",,
346,68.1922696,192.168.2.137,216.239.38.120,ICMP,74,"Echo (ping) request  id=0x0001, seq=408/38913, ttl=128 (reply in 355)",,
355,68.225359,216.239.38.120,192.168.2.137,ICMP,74,"Echo (ping) reply    id=0x0001, seq=408/38913, ttl=113 (request in 346)",,
410,69.2056506,192.168.2.137,216.239.38.120,ICMP,74,"Echo (ping) request  id=0x0001, seq=409/39169, ttl=128 (reply in 411)",,
411,69.2418201,216.239.38.120,192.168.2.137,ICMP,74,"Echo (ping) reply    id=0x0001, seq=409/39169, ttl=113 (request in 410)",,
428,70.2176792,192.168.2.137,216.239.38.120,ICMP,74,"Echo (ping) request  id=0x0001, seq=410/39425, ttl=128 (reply in 429)",,
429,70.2509198,216.239.38.120,192.168.2.137,ICMP,74,"Echo (ping) reply    id=0x0001, seq=410/39425, ttl=113 (request in 428)",,
433,71.2273363,192.168.2.137,216.239.38.120,ICMP,74,"Echo (ping) request  id=0x0001, seq=411/39681, ttl=128 (reply in 434)",,
434,71.2627064,216.239.38.120,192.168.2.137,ICMP,74,"Echo (ping) reply    id=0x0001, seq=411/39681, ttl=113 (request in 433)",,
442,72.2466012,192.168.2.137,216.239.38.120,ICMP,74,"Echo (ping) request  id=0x0001, seq=412/39937, ttl=128 (reply in 443)",,
443,72.2796507,216.239.38.120,192.168.2.137,ICMP,74,"Echo (ping) reply    id=0x0001, seq=412/39937, ttl=113 (request in 442)",,
444,73.2522807,192.168.2.137,216.239.38.120,ICMP,74,"Echo (ping) request  id=0x0001, seq=413/40193, ttl=128 (reply in 445)",,
445,73.2853642,216.239.38.120,192.168.2.137,ICMP,74,"Echo (ping) reply    id=0x0001, seq=413/40193, ttl=113 (request in 444)",,
446,74.2669443,192.168.2.137,216.239.38.120,ICMP,74,"Echo (ping) request  id=0x0001, seq=414/40449, ttl=128 (reply in 447)",,
447,74.300865,216.239.38.120,192.168.2.137,ICMP,74,"Echo (ping) reply    id=0x0001, seq=414/40449, ttl=113 (request in 446)",,
449,75.278316,192.168.2.137,216.239.38.120,ICMP,74,"Echo (ping) request  id=0x0001, seq=415/40705, ttl=128 (reply in 450)",,
450,75.3141429,216.239.38.120,192.168.2.137,ICMP,74,"Echo (ping) reply    id=0x0001, seq=415/40705, ttl=113 (request in 449)",,
451,76.2947502,192.168.2.137,216.239.38.120,ICMP,74,"Echo (ping) request  id=0x0001, seq=416/40961, ttl=128 (reply in 452)",,
452,76.3284161,216.239.38.120,192.168.2.137,ICMP,74,"Echo (ping) reply    id=0x0001, seq=416/40961, ttl=113 (request in 451)",,
453,77.3139033,192.168.2.137,216.239.38.120,ICMP,74,"Echo (ping) request  id=0x0001, seq=417/41217, ttl=128 (reply in 454)",,
454,77.3467049,216.239.38.120,192.168.2.137,ICMP,74,"Echo (ping) reply    id=0x0001, seq=417/41217, ttl=113 (request in 453)",,
455,78.327248,192.168.2.137,216.239.38.120,ICMP,74,"Echo (ping) request  id=0x0001, seq=418/41473, ttl=128 (reply in 456)",,
456,78.3608106,216.239.38.120,192.168.2.137,ICMP,74,"Echo (ping) reply    id=0x0001, seq=418/41473, ttl=113 (request in 455)",,
465,79.3343143,192.168.2.137,216.239.38.120,ICMP,74,"Echo (ping) request  id=0x0001, seq=419/41729, ttl=128 (reply in 466)",,
466,79.3684732,216.239.38.120,192.168.2.137,ICMP,74,"Echo (ping) reply    id=0x0001, seq=419/41729, ttl=113 (request in 465)",,
467,80.3414657,192.168.2.137,216.239.38.120,ICMP,74,"Echo (ping) request  id=0x0001, seq=420/41985, ttl=128 (reply in 468)",,
468,80.3752543,216.239.38.120,192.168.2.137,ICMP,74,"Echo (ping) reply    id=0x0001, seq=420/41985, ttl=113 (request in 467)",,
469,81.3551874,192.168.2.137,216.239.38.120,ICMP,74,"Echo (ping) request  id=0x0001, seq=421/42241, ttl=128 (reply in 470)",,
470,81.3900368,216.239.38.120,192.168.2.137,ICMP,74,"Echo (ping) reply    id=0x0001, seq=421/42241, ttl=113 (request in 469)",,
473,82.3678686,192.168.2.137,216.239.38.120,ICMP,74,"Echo (ping) request  id=0x0001, seq=422/42497, ttl=128 (reply in 474)",,
474,82.4011568,216.239.38.120,192.168.2.137,ICMP,74,"Echo (ping) reply    id=0x0001, seq=422/42497, ttl=113 (request in 473)",,
477,83.3900114,192.168.2.137,216.239.38.120,ICMP,74,"Echo (ping) request  id=0x0001, seq=423/42753, ttl=128 (reply in 478)",,
478,83.4232161,216.239.38.120,192.168.2.137,ICMP,74,"Echo (ping) reply    id=0x0001, seq=423/42753, ttl=113 (request in 477)",,
479,84.4024153,192.168.2.137,216.239.38.120,ICMP,74,"Echo (ping) request  id=0x0001, seq=424/43009, ttl=128 (reply in 480)",,
480,84.4669021,216.239.38.120,192.168.2.137,ICMP,74,"Echo (ping) reply    id=0x0001, seq=424/43009, ttl=113 (request in 479)",,
481,85.4116598,192.168.2.137,216.239.38.120,ICMP,74,"Echo (ping) request  id=0x0001, seq=425/43265, ttl=128 (reply in 482)",,
482,85.4448384,216.239.38.120,192.168.2.137,ICMP,74,"Echo (ping) reply    id=0x0001, seq=425/43265, ttl=113 (request in 481)",,
483,86.4252054,192.168.2.137,216.239.38.120,ICMP,74,"Echo (ping) request  id=0x0001, seq=426/43521, ttl=128 (reply in 484)",,
484,86.4577243,216.239.38.120,192.168.2.137,ICMP,74,"Echo (ping) reply    id=0x0001, seq=426/43521, ttl=113 (request in 483)",,
485,87.4417114,192.168.2.137,216.239.38.120,ICMP,74,"Echo (ping) request  id=0x0001, seq=427/43777, ttl=128 (reply in 486)",,
486,87.4786702,216.239.38.120,192.168.2.137,ICMP,74,"Echo (ping) reply    id=0x0001, seq=427/43777, ttl=113 (request in 485)",,
487,88.456726,192.168.2.137,216.239.38.120,ICMP,74,"Echo (ping) request  id=0x0001, seq=428/44033, ttl=128 (reply in 488)",,
488,88.4895283,216.239.38.120,192.168.2.137,ICMP,74,"Echo (ping) reply    id=0x0001, seq=428/44033, ttl=113 (request in 487)",,
489,89.4683076,192.168.2.137,216.239.38.120,ICMP,74,"Echo (ping) request  id=0x0001, seq=429/44289, ttl=128 (reply in 490)",,
490,89.5019734,216.239.38.120,192.168.2.137,ICMP,74,"Echo (ping) reply    id=0x0001, seq=429/44289, ttl=113 (request in 489)",,
491,90.4740646,192.168.2.137,216.239.38.120,ICMP,74,"Echo (ping) request  id=0x0001, seq=430/44545, ttl=128 (reply in 492)",,
492,90.5079422,216.239.38.120,192.168.2.137,ICMP,74,"Echo (ping) reply    id=0x0001, seq=430/44545, ttl=113 (request in 491)",,
496,91.4833833,192.168.2.137,216.239.38.120,ICMP,74,"Echo (ping) request  id=0x0001, seq=431/44801, ttl=128 (reply in 497)",,
497,91.5167502,216.239.38.120,192.168.2.137,ICMP,74,"Echo (ping) reply    id=0x0001, seq=431/44801, ttl=113 (request in 496)",,
498,92.4942615,192.168.2.137,216.239.38.120,ICMP,74,"Echo (ping) request  id=0x0001, seq=432/45057, ttl=128 (reply in 499)",,
499,92.5275828,216.239.38.120,192.168.2.137,ICMP,74,"Echo (ping) reply    id=0x0001, seq=432/45057, ttl=113 (request in 498)",,
500,93.5085115,192.168.2.137,216.239.38.120,ICMP,74,"Echo (ping) request  id=0x0001, seq=433/45313, ttl=128 (reply in 501)",,
501,93.5491292,216.239.38.120,192.168.2.137,ICMP,74,"Echo (ping) reply    id=0x0001, seq=433/45313, ttl=113 (request in 500)",,
505,94.517772,192.168.2.137,216.239.38.120,ICMP,74,"Echo (ping) request  id=0x0001, seq=434/45569, ttl=128 (reply in 506)",,
506,94.5546189,216.239.38.120,192.168.2.137,ICMP,74,"Echo (ping) reply    id=0x0001, seq=434/45569, ttl=113 (request in 505)",,
507,95.528072,192.168.2.137,216.239.38.120,ICMP,74,"Echo (ping) request  id=0x0001, seq=435/45825, ttl=128 (reply in 508)",,
508,95.5616214,216.239.38.120,192.168.2.137,ICMP,74,"Echo (ping) reply    id=0x0001, seq=435/45825, ttl=113 (request in 507)",,
511,96.5397247,192.168.2.137,216.239.38.120,ICMP,74,"Echo (ping) request  id=0x0001, seq=436/46081, ttl=128 (reply in 512)",,
512,96.5763954,216.239.38.120,192.168.2.137,ICMP,74,"Echo (ping) reply    id=0x0001, seq=436/46081, ttl=113 (request in 511)",,
520,97.561438,192.168.2.137,216.239.38.120,ICMP,74,"Echo (ping) request  id=0x0001, seq=437/46337, ttl=128 (reply in 521)",,
521,97.5985542,216.239.38.120,192.168.2.137,ICMP,74,"Echo (ping) reply    id=0x0001, seq=437/46337, ttl=113 (request in 520)",,
524,98.5785072,192.168.2.137,216.239.38.120,ICMP,74,"Echo (ping) request  id=0x0001, seq=438/46593, ttl=128 (reply in 525)",,
525,98.6238028,216.239.38.120,192.168.2.137,ICMP,74,"Echo (ping) reply    id=0x0001, seq=438/46593, ttl=113 (request in 524)",,
567,99.5855205,192.168.2.137,216.239.38.120,ICMP,74,"Echo (ping) request  id=0x0001, seq=439/46849, ttl=128 (reply in 568)",,
568,99.6221078,216.239.38.120,192.168.2.137,ICMP,74,"Echo (ping) reply    id=0x0001, seq=439/46849, ttl=113 (request in 567)",,
586,100.6062213,192.168.2.137,216.239.38.120,ICMP,74,"Echo (ping) request  id=0x0001, seq=440/47105, ttl=128 (reply in 587)",,
587,100.6387499,216.239.38.120,192.168.2.137,ICMP,74,"Echo (ping) reply    id=0x0001, seq=440/47105, ttl=113 (request in 586)",,
593,101.6260666,192.168.2.137,216.239.38.120,ICMP,74,"Echo (ping) request  id=0x0001, seq=441/47361, ttl=128 (reply in 594)",,
594,101.6591081,216.239.38.120,192.168.2.137,ICMP,74,"Echo (ping) reply    id=0x0001, seq=441/47361, ttl=113 (request in 593)",,
595,102.6447324,192.168.2.137,216.239.38.120,ICMP,74,"Echo (ping) request  id=0x0001, seq=442/47617, ttl=128 (reply in 596)",,
596,102.6783882,216.239.38.120,192.168.2.137,ICMP,74,"Echo (ping) reply    id=0x0001, seq=442/47617, ttl=113 (request in 595)",,
597,103.660094,192.168.2.137,216.239.38.120,ICMP,74,"Echo (ping) request  id=0x0001, seq=443/47873, ttl=128 (reply in 598)",,
598,103.6940521,216.239.38.120,192.168.2.137,ICMP,74,"Echo (ping) reply    id=0x0001, seq=443/47873, ttl=113 (request in 597)",,
599,104.6707355,192.168.2.137,216.239.38.120,ICMP,74,"Echo (ping) request  id=0x0001, seq=444/48129, ttl=128 (reply in 600)",,
600,104.7042365,216.239.38.120,192.168.2.137,ICMP,74,"Echo (ping) reply    id=0x0001, seq=444/48129, ttl=113 (request in 599)",,
604,105.6779049,192.168.2.137,216.239.38.120,ICMP,74,"Echo (ping) request  id=0x0001, seq=445/48385, ttl=128 (reply in 605)",,
605,105.7128974,216.239.38.120,192.168.2.137,ICMP,74,"Echo (ping) reply    id=0x0001, seq=445/48385, ttl=113 (request in 604)",,
606,106.6850782,192.168.2.137,216.239.38.120,ICMP,74,"Echo (ping) request  id=0x0001, seq=446/48641, ttl=128 (reply in 607)",,
607,106.7181614,216.239.38.120,192.168.2.137,ICMP,74,"Echo (ping) reply    id=0x0001, seq=446/48641, ttl=113 (request in 606)",,
608,107.7002136,192.168.2.137,216.239.38.120,ICMP,74,"Echo (ping) request  id=0x0001, seq=447/48897, ttl=128 (reply in 609)",,
609,107.7358416,216.239.38.120,192.168.2.137,ICMP,74,"Echo (ping) reply    id=0x0001, seq=447/48897, ttl=113 (request in 608)",,
610,108.7136836,192.168.2.137,216.239.38.120,ICMP,74,"Echo (ping) request  id=0x0001, seq=448/49153, ttl=128 (reply in 611)",,
611,108.7475418,216.239.38.120,192.168.2.137,ICMP,74,"Echo (ping) reply    id=0x0001, seq=448/49153, ttl=113 (request in 610)",,
614,109.7239886,192.168.2.137,216.239.38.120,ICMP,74,"Echo (ping) request  id=0x0001, seq=449/49409, ttl=128 (reply in 615)",,
615,109.758105,216.239.38.120,192.168.2.137,ICMP,74,"Echo (ping) reply    id=0x0001, seq=449/49409, ttl=113 (request in 614)",,
618,110.7364098,192.168.2.137,216.239.38.120,ICMP,74,"Echo (ping) request  id=0x0001, seq=450/49665, ttl=128 (reply in 619)",,
619,110.7717329,216.239.38.120,192.168.2.137,ICMP,74,"Echo (ping) reply    id=0x0001, seq=450/49665, ttl=113 (request in 618)",,
620,111.7451705,192.168.2.137,216.239.38.120,ICMP,74,"Echo (ping) request  id=0x0001, seq=451/49921, ttl=128 (reply in 621)",,
621,111.7950664,216.239.38.120,192.168.2.137,ICMP,74,"Echo (ping) reply    id=0x0001, seq=451/49921, ttl=113 (request in 620)",,
622,112.7554249,192.168.2.137,216.239.38.120,ICMP,74,"Echo (ping) request  id=0x0001, seq=452/50177, ttl=128 (reply in 623)",,
623,112.7887066,216.239.38.120,192.168.2.137,ICMP,74,"Echo (ping) reply    id=0x0001, seq=452/50177, ttl=113 (request in 622)",,
624,113.7674796,192.168.2.137,216.239.38.120,ICMP,74,"Echo (ping) request  id=0x0001, seq=453/50433, ttl=128 (reply in 625)",,
625,113.801136,216.239.38.120,192.168.2.137,ICMP,74,"Echo (ping) reply    id=0x0001, seq=453/50433, ttl=113 (request in 624)",,
641,114.7840909,192.168.2.137,216.239.38.120,ICMP,74,"Echo (ping) request  id=0x0001, seq=454/50689, ttl=128 (reply in 651)",,
651,114.8180076,216.239.38.120,192.168.2.137,ICMP,74,"Echo (ping) reply    id=0x0001, seq=454/50689, ttl=113 (request in 641)",,
728,115.7902338,192.168.2.137,216.239.38.120,ICMP,74,"Echo (ping) request  id=0x0001, seq=455/50945, ttl=128 (reply in 729)",,
729,115.8645286,216.239.38.120,192.168.2.137,ICMP,74,"Echo (ping) reply    id=0x0001, seq=455/50945, ttl=113 (request in 728)",,
806,116.8113972,192.168.2.137,216.239.38.120,ICMP,74,"Echo (ping) request  id=0x0001, seq=456/51201, ttl=128 (reply in 807)",,
807,116.8672619,216.239.38.120,192.168.2.137,ICMP,74,"Echo (ping) reply    id=0x0001, seq=456/51201, ttl=113 (request in 806)",,
817,117.830694,192.168.2.137,216.239.38.120,ICMP,74,"Echo (ping) request  id=0x0001, seq=457/51457, ttl=128 (reply in 818)",,
818,117.8641005,216.239.38.120,192.168.2.137,ICMP,74,"Echo (ping) reply    id=0x0001, seq=457/51457, ttl=113 (request in 817)",,
845,118.8448212,192.168.2.137,216.239.38.120,ICMP,74,"Echo (ping) request  id=0x0001, seq=458/51713, ttl=128 (reply in 847)",,
847,118.8775935,216.239.38.120,192.168.2.137,ICMP,74,"Echo (ping) reply    id=0x0001, seq=458/51713, ttl=113 (request in 845)",,
1016,119.8595609,192.168.2.137,216.239.38.120,ICMP,74,"Echo (ping) request  id=0x0001, seq=459/51969, ttl=128 (reply in 1017)",,
1017,119.8989476,216.239.38.120,192.168.2.137,ICMP,74,"Echo (ping) reply    id=0x0001, seq=459/51969, ttl=113 (request in 1016)",,
1151,120.86594,192.168.2.137,216.239.38.120,ICMP,74,"Echo (ping) request  id=0x0001, seq=460/52225, ttl=128 (reply in 1152)",,
1152,120.8988767,216.239.38.120,192.168.2.137,ICMP,74,"Echo (ping) reply    id=0x0001, seq=460/52225, ttl=113 (request in 1151)",,
1282,121.8843392,192.168.2.137,216.239.38.120,ICMP,74,"Echo (ping) request  id=0x0001, seq=461/52481, ttl=128 (reply in 1289)",,
1289,121.9174553,216.239.38.120,192.168.2.137,ICMP,74,"Echo (ping) reply    id=0x0001, seq=461/52481, ttl=113 (request in 1282)",,
1394,122.8913072,192.168.2.137,216.239.38.120,ICMP,74,"Echo (ping) request  id=0x0001, seq=462/52737, ttl=128 (reply in 1395)",,
1395,122.9240312,216.239.38.120,192.168.2.137,ICMP,74,"Echo (ping) reply    id=0x0001, seq=462/52737, ttl=113 (request in 1394)",,
1515,123.9011559,192.168.2.137,216.239.38.120,ICMP,74,"Echo (ping) request  id=0x0001, seq=463/52993, ttl=128 (reply in 1520)",,
1520,123.9358604,216.239.38.120,192.168.2.137,ICMP,74,"Echo (ping) reply    id=0x0001, seq=463/52993, ttl=113 (request in 1515)",,
1639,124.9092781,192.168.2.137,216.239.38.120,ICMP,74,"Echo (ping) request  id=0x0001, seq=464/53249, ttl=128 (reply in 1644)",,
1644,124.9439414,216.239.38.120,192.168.2.137,ICMP,74,"Echo (ping) reply    id=0x0001, seq=464/53249, ttl=113 (request in 1639)",,
1757,125.9268556,192.168.2.137,216.239.38.120,ICMP,74,"Echo (ping) request  id=0x0001, seq=465/53505, ttl=128 (reply in 1758)",,
1758,125.9609986,216.239.38.120,192.168.2.137,ICMP,74,"Echo (ping) reply    id=0x0001, seq=465/53505, ttl=113 (request in 1757)",,
1822,126.9349335,192.168.2.137,216.239.38.120,ICMP,74,"Echo (ping) request  id=0x0001, seq=466/53761, ttl=128 (reply in 1823)",,
1823,126.9680569,216.239.38.120,192.168.2.137,ICMP,74,"Echo (ping) reply    id=0x0001, seq=466/53761, ttl=113 (request in 1822)",,
1873,127.954179,192.168.2.137,216.239.38.120,ICMP,74,"Echo (ping) request  id=0x0001, seq=467/54017, ttl=128 (reply in 1874)",,
1874,127.9872418,216.239.38.120,192.168.2.137,ICMP,74,"Echo (ping) reply    id=0x0001, seq=467/54017, ttl=113 (request in 1873)",,
1929,128.9736804,192.168.2.137,216.239.38.120,ICMP,74,"Echo (ping) request  id=0x0001, seq=468/54273, ttl=128 (reply in 1930)",,
1930,129.0066229,216.239.38.120,192.168.2.137,ICMP,74,"Echo (ping) reply    id=0x0001, seq=468/54273, ttl=113 (request in 1929)",,
1991,129.978656,192.168.2.137,216.239.38.120,ICMP,74,"Echo (ping) request  id=0x0001, seq=469/54529, ttl=128 (reply in 1995)",,
1995,130.0118931,216.239.38.120,192.168.2.137,ICMP,74,"Echo (ping) reply    id=0x0001, seq=469/54529, ttl=113 (request in 1991)",,
2076,130.993977,192.168.2.137,216.239.38.120,ICMP,74,"Echo (ping) request  id=0x0001, seq=470/54785, ttl=128 (reply in 2077)",,
2077,131.0474844,216.239.38.120,192.168.2.137,ICMP,74,"Echo (ping) reply    id=0x0001, seq=470/54785, ttl=113 (request in 2076)",,
2272,132.0135071,192.168.2.137,216.239.38.120,ICMP,74,"Echo (ping) request  id=0x0001, seq=471/55041, ttl=128 (reply in 2274)",,
2274,132.0465866,216.239.38.120,192.168.2.137,ICMP,74,"Echo (ping) reply    id=0x0001, seq=471/55041, ttl=113 (request in 2272)",,
2276,133.0302475,192.168.2.137,216.239.38.120,ICMP,74,"Echo (ping) request  id=0x0001, seq=472/55297, ttl=128 (reply in 2277)",,
2277,133.0630019,216.239.38.120,192.168.2.137,ICMP,74,"Echo (ping) reply    id=0x0001, seq=472/55297, ttl=113 (request in 2276)",,
2297,134.0402724,192.168.2.137,216.239.38.120,ICMP,74,"Echo (ping) request  id=0x0001, seq=473/55553, ttl=128 (reply in 2298)",,
2298,134.0746531,216.239.38.120,192.168.2.137,ICMP,74,"Echo (ping) reply    id=0x0001, seq=473/55553, ttl=113 (request in 2297)",,
2363,135.0514108,192.168.2.137,216.239.38.120,ICMP,74,"Echo (ping) request  id=0x0001, seq=474/55809, ttl=128 (reply in 2370)",,
2370,135.0856894,216.239.38.120,192.168.2.137,ICMP,74,"Echo (ping) reply    id=0x0001, seq=474/55809, ttl=113 (request in 2363)",,
2424,136.0551743,192.168.2.137,216.239.38.120,ICMP,74,"Echo (ping) request  id=0x0001, seq=475/56065, ttl=128 (reply in 2425)",,
2425,136.0881671,216.239.38.120,192.168.2.137,ICMP,74,"Echo (ping) reply    id=0x0001, seq=475/56065, ttl=113 (request in 2424)",,
2543,137.0613157,192.168.2.137,216.239.38.120,ICMP,74,"Echo (ping) request  id=0x0001, seq=476/56321, ttl=128 (reply in 2544)",,
2544,137.1005928,216.239.38.120,192.168.2.137,ICMP,74,"Echo (ping) reply    id=0x0001, seq=476/56321, ttl=113 (request in 2543)",,
2560,138.0708161,192.168.2.137,216.239.38.120,ICMP,74,"Echo (ping) request  id=0x0001, seq=477/56577, ttl=128 (reply in 2562)",,
2562,138.1058341,216.239.38.120,192.168.2.137,ICMP,74,"Echo (ping) reply    id=0x0001, seq=477/56577, ttl=113 (request in 2560)",,
2612,139.0922479,192.168.2.137,216.239.38.120,ICMP,74,"Echo (ping) request  id=0x0001, seq=478/56833, ttl=128 (reply in 2618)",,
2618,139.1289712,216.239.38.120,192.168.2.137,ICMP,74,"Echo (ping) reply    id=0x0001, seq=478/56833, ttl=113 (request in 2612)",,
2816,140.0983645,192.168.2.137,216.239.38.120,ICMP,74,"Echo (ping) request  id=0x0001, seq=479/57089, ttl=128 (reply in 2829)",,
2829,140.1312643,216.239.38.120,192.168.2.137,ICMP,74,"Echo (ping) reply    id=0x0001, seq=479/57089, ttl=113 (request in 2816)",,
3023,141.1071582,192.168.2.137,216.239.38.120,ICMP,74,"Echo (ping) request  id=0x0001, seq=480/57345, ttl=128 (reply in 3024)",,
3024,141.1397931,216.239.38.120,192.168.2.137,ICMP,74,"Echo (ping) reply    id=0x0001, seq=480/57345, ttl=113 (request in 3023)",,
3031,142.1256495,192.168.2.137,216.239.38.120,ICMP,74,"Echo (ping) request  id=0x0001, seq=481/57601, ttl=128 (reply in 3032)",,
3032,142.1583749,216.239.38.120,192.168.2.137,ICMP,74,"Echo (ping) reply    id=0x0001, seq=481/57601, ttl=113 (request in 3031)",,
3041,143.1438982,192.168.2.137,216.239.38.120,ICMP,74,"Echo (ping) request  id=0x0001, seq=482/57857, ttl=128 (reply in 3042)",,
3042,143.1771859,216.239.38.120,192.168.2.137,ICMP,74,"Echo (ping) reply    id=0x0001, seq=482/57857, ttl=113 (request in 3041)",,
3061,144.1579741,192.168.2.137,216.239.38.120,ICMP,74,"Echo (ping) request  id=0x0001, seq=483/58113, ttl=128 (reply in 3062)",,
3062,144.1975854,216.239.38.120,192.168.2.137,ICMP,74,"Echo (ping) reply    id=0x0001, seq=483/58113, ttl=113 (request in 3061)",,
3104,145.1706028,192.168.2.137,216.239.38.120,ICMP,74,"Echo (ping) request  id=0x0001, seq=484/58369, ttl=128 (reply in 3105)",,
3105,145.2051548,216.239.38.120,192.168.2.137,ICMP,74,"Echo (ping) reply    id=0x0001, seq=484/58369, ttl=113 (request in 3104)",,
3259,146.1811168,192.168.2.137,216.239.38.120,ICMP,74,"Echo (ping) request  id=0x0001, seq=485/58625, ttl=128 (reply in 3321)",,
3321,146.2137145,216.239.38.120,192.168.2.137,ICMP,74,"Echo (ping) reply    id=0x0001, seq=485/58625, ttl=113 (request in 3259)",,
3337,147.18761,192.168.2.137,216.239.38.120,ICMP,74,"Echo (ping) request  id=0x0001, seq=486/58881, ttl=128 (reply in 3338)",,
3338,147.2205589,216.239.38.120,192.168.2.137,ICMP,74,"Echo (ping) reply    id=0x0001, seq=486/58881, ttl=113 (request in 3337)",,
3339,148.205873,192.168.2.137,216.239.38.120,ICMP,74,"Echo (ping) request  id=0x0001, seq=487/59137, ttl=128 (reply in 3340)",,
3340,148.2385509,216.239.38.120,192.168.2.137,ICMP,74,"Echo (ping) reply    id=0x0001, seq=487/59137, ttl=113 (request in 3339)",,
3341,149.2182997,192.168.2.137,216.239.38.120,ICMP,74,"Echo (ping) request  id=0x0001, seq=488/59393, ttl=128 (reply in 3342)",,
3342,149.2509802,216.239.38.120,192.168.2.137,ICMP,74,"Echo (ping) reply    id=0x0001, seq=488/59393, ttl=113 (request in 3341)",,
3344,150.2378823,192.168.2.137,216.239.38.120,ICMP,74,"Echo (ping) request  id=0x0001, seq=489/59649, ttl=128 (reply in 3345)",,
3345,150.2708848,216.239.38.120,192.168.2.137,ICMP,74,"Echo (ping) reply    id=0x0001, seq=489/59649, ttl=113 (request in 3344)",,
3358,151.256834,192.168.2.137,216.239.38.120,ICMP,74,"Echo (ping) request  id=0x0001, seq=490/59905, ttl=128 (reply in 3359)",,
3359,151.2898541,216.239.38.120,192.168.2.137,ICMP,74,"Echo (ping) reply    id=0x0001, seq=490/59905, ttl=113 (request in 3358)",,
3374,152.2707857,192.168.2.137,216.239.38.120,ICMP,74,"Echo (ping) request  id=0x0001, seq=491/60161, ttl=128 (reply in 3379)",,
3379,152.3038363,216.239.38.120,192.168.2.137,ICMP,74,"Echo (ping) reply    id=0x0001, seq=491/60161, ttl=113 (request in 3374)",,
3381,153.2850214,192.168.2.137,216.239.38.120,ICMP,74,"Echo (ping) request  id=0x0001, seq=492/60417, ttl=128 (reply in 3382)",,
3382,153.3179925,216.239.38.120,192.168.2.137,ICMP,74,"Echo (ping) reply    id=0x0001, seq=492/60417, ttl=113 (request in 3381)",,
3385,154.3049724,192.168.2.137,216.239.38.120,ICMP,74,"Echo (ping) request  id=0x0001, seq=493/60673, ttl=128 (reply in 3386)",,
3386,154.3380053,216.239.38.120,192.168.2.137,ICMP,74,"Echo (ping) reply    id=0x0001, seq=493/60673, ttl=113 (request in 3385)",,
3395,155.3092046,192.168.2.137,216.239.38.120,ICMP,74,"Echo (ping) request  id=0x0001, seq=494/60929, ttl=128 (reply in 3396)",,
3396,155.3436936,216.239.38.120,192.168.2.137,ICMP,74,"Echo (ping) reply    id=0x0001, seq=494/60929, ttl=113 (request in 3395)",,
3397,156.3133551,192.168.2.137,216.239.38.120,ICMP,74,"Echo (ping) request  id=0x0001, seq=495/61185, ttl=128 (reply in 3398)",,
3398,156.3464721,216.239.38.120,192.168.2.137,ICMP,74,"Echo (ping) reply    id=0x0001, seq=495/61185, ttl=113 (request in 3397)",,
3401,157.3313835,192.168.2.137,216.239.38.120,ICMP,74,"Echo (ping) request  id=0x0001, seq=496/61441, ttl=128 (reply in 3402)",,
3402,157.3641486,216.239.38.120,192.168.2.137,ICMP,74,"Echo (ping) reply    id=0x0001, seq=496/61441, ttl=113 (request in 3401)",,
3407,158.3468286,192.168.2.137,216.239.38.120,ICMP,74,"Echo (ping) request  id=0x0001, seq=497/61697, ttl=128 (reply in 3408)",,
3408,158.3927498,216.239.38.120,192.168.2.137,ICMP,74,"Echo (ping) reply    id=0x0001, seq=497/61697, ttl=113 (request in 3407)",,
3409,159.3645056,192.168.2.137,216.239.38.120,ICMP,74,"Echo (ping) request  id=0x0001, seq=498/61953, ttl=128 (reply in 3410)",,
3410,159.3983094,216.239.38.120,192.168.2.137,ICMP,74,"Echo (ping) reply    id=0x0001, seq=498/61953, ttl=113 (request in 3409)",,
3411,160.3841678,192.168.2.137,216.239.38.120,ICMP,74,"Echo (ping) request  id=0x0001, seq=499/62209, ttl=128 (reply in 3412)",,
3412,160.4168483,216.239.38.120,192.168.2.137,ICMP,74,"Echo (ping) reply    id=0x0001, seq=499/62209, ttl=113 (request in 3411)",,
3413,161.3998743,192.168.2.137,216.239.38.120,ICMP,74,"Echo (ping) request  id=0x0001, seq=500/62465, ttl=128 (reply in 3414)",,
3414,161.4329491,216.239.38.120,192.168.2.137,ICMP,74,"Echo (ping) reply    id=0x0001, seq=500/62465, ttl=113 (request in 3413)",,
3418,162.4157626,192.168.2.137,216.239.38.120,ICMP,74,"Echo (ping) request  id=0x0001, seq=501/62721, ttl=128 (reply in 3419)",,
3419,162.4484748,216.239.38.120,192.168.2.137,ICMP,74,"Echo (ping) reply    id=0x0001, seq=501/62721, ttl=113 (request in 3418)",,
3420,163.4323615,192.168.2.137,216.239.38.120,ICMP,74,"Echo (ping) request  id=0x0001, seq=502/62977, ttl=128 (reply in 3421)",,
3421,163.4658432,216.239.38.120,192.168.2.137,ICMP,74,"Echo (ping) reply    id=0x0001, seq=502/62977, ttl=113 (request in 3420)",,
3424,164.451061,192.168.2.137,216.239.38.120,ICMP,74,"Echo (ping) request  id=0x0001, seq=503/63233, ttl=128 (reply in 3425)",,
3425,164.4840572,216.239.38.120,192.168.2.137,ICMP,74,"Echo (ping) reply    id=0x0001, seq=503/63233, ttl=113 (request in 3424)",,
3426,165.4669487,192.168.2.137,216.239.38.120,ICMP,74,"Echo (ping) request  id=0x0001, seq=504/63489, ttl=128 (reply in 3427)",,
3427,165.4995299,216.239.38.120,192.168.2.137,ICMP,74,"Echo (ping) reply    id=0x0001, seq=504/63489, ttl=113 (request in 3426)",,
3428,166.4811909,192.168.2.137,216.239.38.120,ICMP,74,"Echo (ping) request  id=0x0001, seq=505/63745, ttl=128 (reply in 3429)",,
3429,166.5135023,216.239.38.120,192.168.2.137,ICMP,74,"Echo (ping) reply    id=0x0001, seq=505/63745, ttl=113 (request in 3428)",,
3430,167.4971222,192.168.2.137,216.239.38.120,ICMP,74,"Echo (ping) request  id=0x0001, seq=506/64001, ttl=128 (reply in 3431)",,
3431,167.5300934,216.239.38.120,192.168.2.137,ICMP,74,"Echo (ping) reply    id=0x0001, seq=506/64001, ttl=113 (request in 3430)",,
3432,168.5130181,192.168.2.137,216.239.38.120,ICMP,74,"Echo (ping) request  id=0x0001, seq=507/64257, ttl=128 (reply in 3433)",,
3433,168.551024,216.239.38.120,192.168.2.137,ICMP,74,"Echo (ping) reply    id=0x0001, seq=507/64257, ttl=113 (request in 3432)",,
3434,169.5285307,192.168.2.137,216.239.38.120,ICMP,74,"Echo (ping) request  id=0x0001, seq=508/64513, ttl=128 (reply in 3435)",,
3435,169.5621609,216.239.38.120,192.168.2.137,ICMP,74,"Echo (ping) reply    id=0x0001, seq=508/64513, ttl=113 (request in 3434)",,
3436,170.5442247,192.168.2.137,216.239.38.120,ICMP,74,"Echo (ping) request  id=0x0001, seq=509/64769, ttl=128 (reply in 3437)",,
3437,170.5772798,216.239.38.120,192.168.2.137,ICMP,74,"Echo (ping) reply    id=0x0001, seq=509/64769, ttl=113 (request in 3436)",,
3458,171.5655698,192.168.2.137,216.239.38.120,ICMP,74,"Echo (ping) request  id=0x0001, seq=510/65025, ttl=128 (reply in 3459)",,
3459,171.5984622,216.239.38.120,192.168.2.137,ICMP,74,"Echo (ping) reply    id=0x0001, seq=510/65025, ttl=113 (request in 3458)",,
3460,172.5761523,192.168.2.137,216.239.38.120,ICMP,74,"Echo (ping) request  id=0x0001, seq=511/65281, ttl=128 (reply in 3461)",,
3461,172.6137655,216.239.38.120,192.168.2.137,ICMP,74,"Echo (ping) reply    id=0x0001, seq=511/65281, ttl=113 (request in 3460)",,
3462,173.5860295,192.168.2.137,216.239.38.120,ICMP,74,"Echo (ping) request  id=0x0001, seq=512/2, ttl=128 (reply in 3463)",,
3463,173.618963,216.239.38.120,192.168.2.137,ICMP,74,"Echo (ping) reply    id=0x0001, seq=512/2, ttl=113 (request in 3462)",,
3464,174.5987675,192.168.2.137,216.239.38.120,ICMP,74,"Echo (ping) request  id=0x0001, seq=513/258, ttl=128 (reply in 3465)",,
3465,174.6319911,216.239.38.120,192.168.2.137,ICMP,74,"Echo (ping) reply    id=0x0001, seq=513/258, ttl=113 (request in 3464)",,
3466,175.606189,192.168.2.137,216.239.38.120,ICMP,74,"Echo (ping) request  id=0x0001, seq=514/514, ttl=128 (reply in 3467)",,
3467,175.6415474,216.239.38.120,192.168.2.137,ICMP,74,"Echo (ping) reply    id=0x0001, seq=514/514, ttl=113 (request in 3466)",,
3470,176.6247524,192.168.2.137,216.239.38.120,ICMP,74,"Echo (ping) request  id=0x0001, seq=515/770, ttl=128 (reply in 3472)",,
3472,176.6602462,216.239.38.120,192.168.2.137,ICMP,74,"Echo (ping) reply    id=0x0001, seq=515/770, ttl=113 (request in 3470)",,
3475,177.6419588,192.168.2.137,216.239.38.120,ICMP,74,"Echo (ping) request  id=0x0001, seq=516/1026, ttl=128 (reply in 3476)",,
3476,177.680736,216.239.38.120,192.168.2.137,ICMP,74,"Echo (ping) reply    id=0x0001, seq=516/1026, ttl=113 (request in 3475)",,
3477,178.6574092,192.168.2.137,216.239.38.120,ICMP,74,"Echo (ping) request  id=0x0001, seq=517/1282, ttl=128 (reply in 3478)",,
3478,178.6921591,216.239.38.120,192.168.2.137,ICMP,74,"Echo (ping) reply    id=0x0001, seq=517/1282, ttl=113 (request in 3477)",,
3479,179.6749324,192.168.2.137,216.239.38.120,ICMP,74,"Echo (ping) request  id=0x0001, seq=518/1538, ttl=128 (reply in 3480)",,
3480,179.7081502,216.239.38.120,192.168.2.137,ICMP,74,"Echo (ping) reply    id=0x0001, seq=518/1538, ttl=113 (request in 3479)",,
3481,180.6914238,192.168.2.137,216.239.38.120,ICMP,74,"Echo (ping) request  id=0x0001, seq=519/1794, ttl=128 (reply in 3482)",,
3482,180.7244165,216.239.38.120,192.168.2.137,ICMP,74,"Echo (ping) reply    id=0x0001, seq=519/1794, ttl=113 (request in 3481)",,
3486,181.7070861,192.168.2.137,216.239.38.120,ICMP,74,"Echo (ping) request  id=0x0001, seq=520/2050, ttl=128 (reply in 3487)",,
3487,181.7455434,216.239.38.120,192.168.2.137,ICMP,74,"Echo (ping) reply    id=0x0001, seq=520/2050, ttl=113 (request in 3486)",,
3488,182.7208373,192.168.2.137,216.239.38.120,ICMP,74,"Echo (ping) request  id=0x0001, seq=521/2306, ttl=128 (reply in 3489)",,
3489,182.7539192,216.239.38.120,192.168.2.137,ICMP,74,"Echo (ping) reply    id=0x0001, seq=521/2306, ttl=113 (request in 3488)",,
3491,183.7353165,192.168.2.137,216.239.38.120,ICMP,74,"Echo (ping) request  id=0x0001, seq=522/2562, ttl=128 (reply in 3493)",,
3493,183.7678694,216.239.38.120,192.168.2.137,ICMP,74,"Echo (ping) reply    id=0x0001, seq=522/2562, ttl=113 (request in 3491)",,
3494,184.7502092,192.168.2.137,216.239.38.120,ICMP,74,"Echo (ping) request  id=0x0001, seq=523/2818, ttl=128 (reply in 3495)",,
3495,184.7829772,216.239.38.120,192.168.2.137,ICMP,74,"Echo (ping) reply    id=0x0001, seq=523/2818, ttl=113 (request in 3494)",,
3496,185.763188,192.168.2.137,216.239.38.120,ICMP,74,"Echo (ping) request  id=0x0001, seq=524/3074, ttl=128 (reply in 3497)",,
3497,185.7987698,216.239.38.120,192.168.2.137,ICMP,74,"Echo (ping) reply    id=0x0001, seq=524/3074, ttl=113 (request in 3496)",,
3500,186.7818596,192.168.2.137,216.239.38.120,ICMP,74,"Echo (ping) request  id=0x0001, seq=525/3330, ttl=128 (reply in 3501)",,
3501,186.815141,216.239.38.120,192.168.2.137,ICMP,74,"Echo (ping) reply    id=0x0001, seq=525/3330, ttl=113 (request in 3500)",,
3504,187.8004851,192.168.2.137,216.239.38.120,ICMP,74,"Echo (ping) request  id=0x0001, seq=526/3586, ttl=128 (reply in 3505)",,
3505,187.8335983,216.239.38.120,192.168.2.137,ICMP,74,"Echo (ping) reply    id=0x0001, seq=526/3586, ttl=113 (request in 3504)",,
3506,188.8183229,192.168.2.137,216.239.38.120,ICMP,74,"Echo (ping) request  id=0x0001, seq=527/3842, ttl=128 (reply in 3507)",,
3507,188.851133,216.239.38.120,192.168.2.137,ICMP,74,"Echo (ping) reply    id=0x0001, seq=527/3842, ttl=113 (request in 3506)",,
3508,189.8412262,192.168.2.137,216.239.38.120,ICMP,74,"Echo (ping) request  id=0x0001, seq=528/4098, ttl=128 (reply in 3509)",,
3509,189.8751607,216.239.38.120,192.168.2.137,ICMP,74,"Echo (ping) reply    id=0x0001, seq=528/4098, ttl=113 (request in 3508)",,
3510,190.8595483,192.168.2.137,216.239.38.120,ICMP,74,"Echo (ping) request  id=0x0001, seq=529/4354, ttl=128 (reply in 3511)",,
3511,190.8933796,216.239.38.120,192.168.2.137,ICMP,74,"Echo (ping) reply    id=0x0001, seq=529/4354, ttl=113 (request in 3510)",,
3514,191.8761411,192.168.2.137,216.239.38.120,ICMP,74,"Echo (ping) request  id=0x0001, seq=530/4610, ttl=128 (reply in 3515)",,
3515,191.9087633,216.239.38.120,192.168.2.137,ICMP,74,"Echo (ping) reply    id=0x0001, seq=530/4610, ttl=113 (request in 3514)",,
3516,192.8939624,192.168.2.137,216.239.38.120,ICMP,74,"Echo (ping) request  id=0x0001, seq=531/4866, ttl=128 (reply in 3517)",,
3517,192.9270714,216.239.38.120,192.168.2.137,ICMP,74,"Echo (ping) reply    id=0x0001, seq=531/4866, ttl=113 (request in 3516)",,
3518,193.9057041,192.168.2.137,216.239.38.120,ICMP,74,"Echo (ping) request  id=0x0001, seq=532/5122, ttl=128 (reply in 3519)",,
3519,193.9389548,216.239.38.120,192.168.2.137,ICMP,74,"Echo (ping) reply    id=0x0001, seq=532/5122, ttl=113 (request in 3518)",,
3520,194.9199044,192.168.2.137,216.239.38.120,ICMP,74,"Echo (ping) request  id=0x0001, seq=533/5378, ttl=128 (reply in 3521)",,
3521,194.9531374,216.239.38.120,192.168.2.137,ICMP,74,"Echo (ping) reply    id=0x0001, seq=533/5378, ttl=113 (request in 3520)",,
3522,195.9290742,192.168.2.137,216.239.38.120,ICMP,74,"Echo (ping) request  id=0x0001, seq=534/5634, ttl=128 (reply in 3523)",,
3523,195.9629054,216.239.38.120,192.168.2.137,ICMP,74,"Echo (ping) reply    id=0x0001, seq=534/5634, ttl=113 (request in 3522)",,
3524,196.9476118,192.168.2.137,216.239.38.120,ICMP,74,"Echo (ping) request  id=0x0001, seq=535/5890, ttl=128 (reply in 3525)",,
3525,196.9813921,216.239.38.120,192.168.2.137,ICMP,74,"Echo (ping) reply    id=0x0001, seq=535/5890, ttl=113 (request in 3524)",,
3562,197.9566168,192.168.2.137,216.239.38.120,ICMP,74,"Echo (ping) request  id=0x0001, seq=536/6146, ttl=128 (reply in 3563)",,
3563,197.9894979,216.239.38.120,192.168.2.137,ICMP,74,"Echo (ping) reply    id=0x0001, seq=536/6146, ttl=113 (request in 3562)",,
3606,198.9646089,192.168.2.137,216.239.38.120,ICMP,74,"Echo (ping) request  id=0x0001, seq=537/6402, ttl=128 (reply in 3607)",,
3607,198.9985087,216.239.38.120,192.168.2.137,ICMP,74,"Echo (ping) reply    id=0x0001, seq=537/6402, ttl=113 (request in 3606)",,
3610,199.9812918,192.168.2.137,216.239.38.120,ICMP,74,"Echo (ping) request  id=0x0001, seq=538/6658, ttl=128 (reply in 3611)",,
3611,200.0141808,216.239.38.120,192.168.2.137,ICMP,74,"Echo (ping) reply    id=0x0001, seq=538/6658, ttl=113 (request in 3610)",,
3612,200.9923383,192.168.2.137,216.239.38.120,ICMP,74,"Echo (ping) request  id=0x0001, seq=539/6914, ttl=128 (reply in 3613)",,
3613,201.0326571,216.239.38.120,192.168.2.137,ICMP,74,"Echo (ping) reply    id=0x0001, seq=539/6914, ttl=113 (request in 3612)",,
3614,202.010413,192.168.2.137,216.239.38.120,ICMP,74,"Echo (ping) request  id=0x0001, seq=540/7170, ttl=128 (reply in 3615)",,
3615,202.0441471,216.239.38.120,192.168.2.137,ICMP,74,"Echo (ping) reply    id=0x0001, seq=540/7170, ttl=113 (request in 3614)",,
3616,203.0189837,192.168.2.137,216.239.38.120,ICMP,74,"Echo (ping) request  id=0x0001, seq=541/7426, ttl=128 (reply in 3617)",,
3617,203.0521152,216.239.38.120,192.168.2.137,ICMP,74,"Echo (ping) reply    id=0x0001, seq=541/7426, ttl=113 (request in 3616)",,
3618,204.0400699,192.168.2.137,216.239.38.120,ICMP,74,"Echo (ping) request  id=0x0001, seq=542/7682, ttl=128 (reply in 3619)",,
3619,204.0728582,216.239.38.120,192.168.2.137,ICMP,74,"Echo (ping) reply    id=0x0001, seq=542/7682, ttl=113 (request in 3618)",,
3620,205.0552757,192.168.2.137,216.239.38.120,ICMP,74,"Echo (ping) request  id=0x0001, seq=543/7938, ttl=128 (reply in 3621)",,
3621,205.0897167,216.239.38.120,192.168.2.137,ICMP,74,"Echo (ping) reply    id=0x0001, seq=543/7938, ttl=113 (request in 3620)",,
3622,206.0678204,192.168.2.137,216.239.38.120,ICMP,74,"Echo (ping) request  id=0x0001, seq=544/8194, ttl=128 (reply in 3623)",,
3623,206.109884,216.239.38.120,192.168.2.137,ICMP,74,"Echo (ping) reply    id=0x0001, seq=544/8194, ttl=113 (request in 3622)",,
3624,207.0757728,192.168.2.137,216.239.38.120,ICMP,74,"Echo (ping) request  id=0x0001, seq=545/8450, ttl=128 (reply in 3625)",,
3625,207.1089272,216.239.38.120,192.168.2.137,ICMP,74,"Echo (ping) reply    id=0x0001, seq=545/8450, ttl=113 (request in 3624)",,
3626,208.088033,192.168.2.137,216.239.38.120,ICMP,74,"Echo (ping) request  id=0x0001, seq=546/8706, ttl=128 (reply in 3627)",,
3627,208.1231013,216.239.38.120,192.168.2.137,ICMP,74,"Echo (ping) reply    id=0x0001, seq=546/8706, ttl=113 (request in 3626)",,
3628,209.1079428,192.168.2.137,216.239.38.120,ICMP,74,"Echo (ping) request  id=0x0001, seq=547/8962, ttl=128 (reply in 3629)",,
3629,209.1441361,216.239.38.120,192.168.2.137,ICMP,74,"Echo (ping) reply    id=0x0001, seq=547/8962, ttl=113 (request in 3628)",,
3630,210.1263822,192.168.2.137,216.239.38.120,ICMP,74,"Echo (ping) request  id=0x0001, seq=548/9218, ttl=128 (reply in 3631)",,
3631,210.1613447,216.239.38.120,192.168.2.137,ICMP,74,"Echo (ping) reply    id=0x0001, seq=548/9218, ttl=113 (request in 3630)",,
3634,211.1394548,192.168.2.137,216.239.38.120,ICMP,74,"Echo (ping) request  id=0x0001, seq=549/9474, ttl=128 (reply in 3635)",,
3635,211.1767158,216.239.38.120,192.168.2.137,ICMP,74,"Echo (ping) reply    id=0x0001, seq=549/9474, ttl=113 (request in 3634)",,
3636,212.149376,192.168.2.137,216.239.38.120,ICMP,74,"Echo (ping) request  id=0x0001, seq=550/9730, ttl=128 (reply in 3640)",,
3640,212.1863357,216.239.38.120,192.168.2.137,ICMP,74,"Echo (ping) reply    id=0x0001, seq=550/9730, ttl=113 (request in 3636)",,
3641,213.1614197,192.168.2.137,216.239.38.120,ICMP,74,"Echo (ping) request  id=0x0001, seq=551/9986, ttl=128 (reply in 3642)",,
3642,213.1953848,216.239.38.120,192.168.2.137,ICMP,74,"Echo (ping) reply    id=0x0001, seq=551/9986, ttl=113 (request in 3641)",,
3643,214.1737175,192.168.2.137,216.239.38.120,ICMP,74,"Echo (ping) request  id=0x0001, seq=552/10242, ttl=128 (reply in 3644)",,
3644,214.2069707,216.239.38.120,192.168.2.137,ICMP,74,"Echo (ping) reply    id=0x0001, seq=552/10242, ttl=113 (request in 3643)",,
3645,215.1851734,192.168.2.137,216.239.38.120,ICMP,74,"Echo (ping) request  id=0x0001, seq=553/10498, ttl=128 (reply in 3646)",,
3646,215.2183657,216.239.38.120,192.168.2.137,ICMP,74,"Echo (ping) reply    id=0x0001, seq=553/10498, ttl=113 (request in 3645)",,
3647,216.1978991,192.168.2.137,216.239.38.120,ICMP,74,"Echo (ping) request  id=0x0001, seq=554/10754, ttl=128 (reply in 3648)",,
3648,216.2315421,216.239.38.120,192.168.2.137,ICMP,74,"Echo (ping) reply    id=0x0001, seq=554/10754, ttl=113 (request in 3647)",,
3649,217.2102931,192.168.2.137,216.239.38.120,ICMP,74,"Echo (ping) request  id=0x0001, seq=555/11010, ttl=128 (reply in 3650)",,
3650,217.2429838,216.239.38.120,192.168.2.137,ICMP,74,"Echo (ping) reply    id=0x0001, seq=555/11010, ttl=113 (request in 3649)",,
3651,218.2254812,192.168.2.137,216.239.38.120,ICMP,74,"Echo (ping) request  id=0x0001, seq=556/11266, ttl=128 (reply in 3652)",,
3652,218.2648433,216.239.38.120,192.168.2.137,ICMP,74,"Echo (ping) reply    id=0x0001, seq=556/11266, ttl=113 (request in 3651)",,
3655,219.237751,192.168.2.137,216.239.38.120,ICMP,74,"Echo (ping) request  id=0x0001, seq=557/11522, ttl=128 (reply in 3656)",,
3656,219.2706976,216.239.38.120,192.168.2.137,ICMP,74,"Echo (ping) reply    id=0x0001, seq=557/11522, ttl=113 (request in 3655)",,
3657,220.2509414,192.168.2.137,216.239.38.120,ICMP,74,"Echo (ping) request  id=0x0001, seq=558/11778, ttl=128 (reply in 3658)",,
3658,220.2849394,216.239.38.120,192.168.2.137,ICMP,74,"Echo (ping) reply    id=0x0001, seq=558/11778, ttl=113 (request in 3657)",,
3659,221.2644758,192.168.2.137,216.239.38.120,ICMP,74,"Echo (ping) request  id=0x0001, seq=559/12034, ttl=128 (reply in 3660)",,
3660,221.2972954,216.239.38.120,192.168.2.137,ICMP,74,"Echo (ping) reply    id=0x0001, seq=559/12034, ttl=113 (request in 3659)",,
3661,222.2747839,192.168.2.137,216.239.38.120,ICMP,74,"Echo (ping) request  id=0x0001, seq=560/12290, ttl=128 (reply in 3662)",,
3662,222.3089711,216.239.38.120,192.168.2.137,ICMP,74,"Echo (ping) reply    id=0x0001, seq=560/12290, ttl=113 (request in 3661)",,
3663,223.2962229,192.168.2.137,216.239.38.120,ICMP,74,"Echo (ping) request  id=0x0001, seq=561/12546, ttl=128 (reply in 3664)",,
3664,223.3306822,216.239.38.120,192.168.2.137,ICMP,74,"Echo (ping) reply    id=0x0001, seq=561/12546, ttl=113 (request in 3663)",,
3674,224.3186933,192.168.2.137,216.239.38.120,ICMP,74,"Echo (ping) request  id=0x0001, seq=562/12802, ttl=128 (reply in 3675)",,
3675,224.3521245,216.239.38.120,192.168.2.137,ICMP,74,"Echo (ping) reply    id=0x0001, seq=562/12802, ttl=113 (request in 3674)",,
3716,225.3275514,192.168.2.137,216.239.38.120,ICMP,74,"Echo (ping) request  id=0x0001, seq=563/13058, ttl=128 (reply in 3717)",,
3717,225.3613044,216.239.38.120,192.168.2.137,ICMP,74,"Echo (ping) reply    id=0x0001, seq=563/13058, ttl=113 (request in 3716)",,
3718,226.3424019,192.168.2.137,216.239.38.120,ICMP,74,"Echo (ping) request  id=0x0001, seq=564/13314, ttl=128 (reply in 3719)",,
3719,226.3755589,216.239.38.120,192.168.2.137,ICMP,74,"Echo (ping) reply    id=0x0001, seq=564/13314, ttl=113 (request in 3718)",,
3720,227.3652885,192.168.2.137,216.239.38.120,ICMP,74,"Echo (ping) request  id=0x0001, seq=565/13570, ttl=128 (reply in 3721)",,
3721,227.398448,216.239.38.120,192.168.2.137,ICMP,74,"Echo (ping) reply    id=0x0001, seq=565/13570, ttl=113 (request in 3720)",,
3722,228.3870815,192.168.2.137,216.239.38.120,ICMP,74,"Echo (ping) request  id=0x0001, seq=566/13826, ttl=128 (reply in 3723)",,
3723,228.4201181,216.239.38.120,192.168.2.137,ICMP,74,"Echo (ping) reply    id=0x0001, seq=566/13826, ttl=113 (request in 3722)",,
3724,229.3969285,192.168.2.137,216.239.38.120,ICMP,74,"Echo (ping) request  id=0x0001, seq=567/14082, ttl=128 (reply in 3725)",,
3725,229.431006,216.239.38.120,192.168.2.137,ICMP,74,"Echo (ping) reply    id=0x0001, seq=567/14082, ttl=113 (request in 3724)",,
3726,230.4096594,192.168.2.137,216.239.38.120,ICMP,74,"Echo (ping) request  id=0x0001, seq=568/14338, ttl=128 (reply in 3727)",,
3727,230.4435697,216.239.38.120,192.168.2.137,ICMP,74,"Echo (ping) reply    id=0x0001, seq=568/14338, ttl=113 (request in 3726)",,
3730,231.418179,192.168.2.137,216.239.38.120,ICMP,74,"Echo (ping) request  id=0x0001, seq=569/14594, ttl=128 (reply in 3731)",,
3731,231.4513366,216.239.38.120,192.168.2.137,ICMP,74,"Echo (ping) reply    id=0x0001, seq=569/14594, ttl=113 (request in 3730)",,
3737,232.426636,192.168.2.137,216.239.38.120,ICMP,74,"Echo (ping) request  id=0x0001, seq=570/14850, ttl=128 (reply in 3738)",,
3738,232.4639053,216.239.38.120,192.168.2.137,ICMP,74,"Echo (ping) reply    id=0x0001, seq=570/14850, ttl=113 (request in 3737)",,
3739,233.4381255,192.168.2.137,216.239.38.120,ICMP,74,"Echo (ping) request  id=0x0001, seq=571/15106, ttl=128 (reply in 3740)",,
3740,233.4733359,216.239.38.120,192.168.2.137,ICMP,74,"Echo (ping) reply    id=0x0001, seq=571/15106, ttl=113 (request in 3739)",,
3741,234.4519631,192.168.2.137,216.239.38.120,ICMP,74,"Echo (ping) request  id=0x0001, seq=572/15362, ttl=128 (reply in 3742)",,
3742,234.4849093,216.239.38.120,192.168.2.137,ICMP,74,"Echo (ping) reply    id=0x0001, seq=572/15362, ttl=113 (request in 3741)",,
3743,235.4625518,192.168.2.137,216.239.38.120,ICMP,74,"Echo (ping) request  id=0x0001, seq=573/15618, ttl=128 (reply in 3744)",,
3744,235.4959278,216.239.38.120,192.168.2.137,ICMP,74,"Echo (ping) reply    id=0x0001, seq=573/15618, ttl=113 (request in 3743)",,
3745,236.487912,192.168.2.137,216.239.38.120,ICMP,74,"Echo (ping) request  id=0x0001, seq=574/15874, ttl=128 (reply in 3746)",,
3746,236.5210076,216.239.38.120,192.168.2.137,ICMP,74,"Echo (ping) reply    id=0x0001, seq=574/15874, ttl=113 (request in 3745)",,
3747,237.5005168,192.168.2.137,216.239.38.120,ICMP,74,"Echo (ping) request  id=0x0001, seq=575/16130, ttl=128 (reply in 3748)",,
3748,237.5334974,216.239.38.120,192.168.2.137,ICMP,74,"Echo (ping) reply    id=0x0001, seq=575/16130, ttl=113 (request in 3747)",,
3751,238.5097112,192.168.2.137,216.239.38.120,ICMP,74,"Echo (ping) request  id=0x0001, seq=576/16386, ttl=128 (reply in 3752)",,
3752,238.543399,216.239.38.120,192.168.2.137,ICMP,74,"Echo (ping) reply    id=0x0001, seq=576/16386, ttl=113 (request in 3751)",,
3753,239.5217315,192.168.2.137,216.239.38.120,ICMP,74,"Echo (ping) request  id=0x0001, seq=577/16642, ttl=128 (reply in 3754)",,
3754,239.5544077,216.239.38.120,192.168.2.137,ICMP,74,"Echo (ping) reply    id=0x0001, seq=577/16642, ttl=113 (request in 3753)",,
3755,240.5407286,192.168.2.137,216.239.38.120,ICMP,74,"Echo (ping) request  id=0x0001, seq=578/16898, ttl=128 (reply in 3756)",,
3756,240.5761737,216.239.38.120,192.168.2.137,ICMP,74,"Echo (ping) reply    id=0x0001, seq=578/16898, ttl=113 (request in 3755)",,
3757,241.5511005,192.168.2.137,216.239.38.120,ICMP,74,"Echo (ping) request  id=0x0001, seq=579/17154, ttl=128 (reply in 3758)",,
3758,241.5966334,216.239.38.120,192.168.2.137,ICMP,74,"Echo (ping) reply    id=0x0001, seq=579/17154, ttl=113 (request in 3757)",,
3759,242.5639032,192.168.2.137,216.239.38.120,ICMP,74,"Echo (ping) request  id=0x0001, seq=580/17410, ttl=128 (reply in 3760)",,
3760,242.5974664,216.239.38.120,192.168.2.137,ICMP,74,"Echo (ping) reply    id=0x0001, seq=580/17410, ttl=113 (request in 3759)",,
3765,243.5717457,192.168.2.137,216.239.38.120,ICMP,74,"Echo (ping) request  id=0x0001, seq=581/17666, ttl=128 (reply in 3766)",,
3766,243.6047875,216.239.38.120,192.168.2.137,ICMP,74,"Echo (ping) reply    id=0x0001, seq=581/17666, ttl=113 (request in 3765)",,
3767,244.5803448,192.168.2.137,216.239.38.120,ICMP,74,"Echo (ping) request  id=0x0001, seq=582/17922, ttl=128 (reply in 3768)",,
3768,244.6147257,216.239.38.120,192.168.2.137,ICMP,74,"Echo (ping) reply    id=0x0001, seq=582/17922, ttl=113 (request in 3767)",,
3777,245.6010768,192.168.2.137,216.239.38.120,ICMP,74,"Echo (ping) request  id=0x0001, seq=583/18178, ttl=128 (reply in 3778)",,
3778,245.636184,216.239.38.120,192.168.2.137,ICMP,74,"Echo (ping) reply    id=0x0001, seq=583/18178, ttl=113 (request in 3777)",,
3782,246.618748,192.168.2.137,216.239.38.120,ICMP,74,"Echo (ping) request  id=0x0001, seq=584/18434, ttl=128 (reply in 3783)",,
3783,246.6517113,216.239.38.120,192.168.2.137,ICMP,74,"Echo (ping) reply    id=0x0001, seq=584/18434, ttl=113 (request in 3782)",,
3785,247.6383996,192.168.2.137,216.239.38.120,ICMP,74,"Echo (ping) request  id=0x0001, seq=585/18690, ttl=128 (reply in 3786)",,
3786,247.6713266,216.239.38.120,192.168.2.137,ICMP,74,"Echo (ping) reply    id=0x0001, seq=585/18690, ttl=113 (request in 3785)",,
3789,248.6531362,192.168.2.137,216.239.38.120,ICMP,74,"Echo (ping) request  id=0x0001, seq=586/18946, ttl=128 (reply in 3790)",,
3790,248.6858256,216.239.38.120,192.168.2.137,ICMP,74,"Echo (ping) reply    id=0x0001, seq=586/18946, ttl=113 (request in 3789)",,
3791,249.6698489,192.168.2.137,216.239.38.120,ICMP,74,"Echo (ping) request  id=0x0001, seq=587/19202, ttl=128 (reply in 3792)",,
3792,249.7027505,216.239.38.120,192.168.2.137,ICMP,74,"Echo (ping) reply    id=0x0001, seq=587/19202, ttl=113 (request in 3791)",,
3793,250.6826118,192.168.2.137,216.239.38.120,ICMP,74,"Echo (ping) request  id=0x0001, seq=588/19458, ttl=128 (reply in 3794)",,
3794,250.7157038,216.239.38.120,192.168.2.137,ICMP,74,"Echo (ping) reply    id=0x0001, seq=588/19458, ttl=113 (request in 3793)",,
3796,251.6918667,192.168.2.137,216.239.38.120,ICMP,74,"Echo (ping) request  id=0x0001, seq=589/19714, ttl=128 (reply in 3797)",,
3797,251.7253691,216.239.38.120,192.168.2.137,ICMP,74,"Echo (ping) reply    id=0x0001, seq=589/19714, ttl=113 (request in 3796)",,
3799,252.7013708,192.168.2.137,216.239.38.120,ICMP,74,"Echo (ping) request  id=0x0001, seq=590/19970, ttl=128 (reply in 3800)",,
3800,252.7342554,216.239.38.120,192.168.2.137,ICMP,74,"Echo (ping) reply    id=0x0001, seq=590/19970, ttl=113 (request in 3799)",,
3802,253.7107261,192.168.2.137,216.239.38.120,ICMP,74,"Echo (ping) request  id=0x0001, seq=591/20226, ttl=128 (reply in 3803)",,
3803,253.7445449,216.239.38.120,192.168.2.137,ICMP,74,"Echo (ping) reply    id=0x0001, seq=591/20226, ttl=113 (request in 3802)",,
3824,254.7185345,192.168.2.137,216.239.38.120,ICMP,74,"Echo (ping) request  id=0x0001, seq=592/20482, ttl=128 (reply in 3825)",,
3825,254.752366,216.239.38.120,192.168.2.137,ICMP,74,"Echo (ping) reply    id=0x0001, seq=592/20482, ttl=113 (request in 3824)",,
3826,255.7346297,192.168.2.137,216.239.38.120,ICMP,74,"Echo (ping) request  id=0x0001, seq=593/20738, ttl=128 (reply in 3827)",,
3827,255.7877197,216.239.38.120,192.168.2.137,ICMP,74,"Echo (ping) reply    id=0x0001, seq=593/20738, ttl=113 (request in 3826)",,
3828,256.7433429,192.168.2.137,216.239.38.120,ICMP,74,"Echo (ping) request  id=0x0001, seq=594/20994, ttl=128 (reply in 3829)",,
3829,256.7761677,216.239.38.120,192.168.2.137,ICMP,74,"Echo (ping) reply    id=0x0001, seq=594/20994, ttl=113 (request in 3828)",,
3830,257.7617412,192.168.2.137,216.239.38.120,ICMP,74,"Echo (ping) request  id=0x0001, seq=595/21250, ttl=128 (reply in 3831)",,
3831,257.7950712,216.239.38.120,192.168.2.137,ICMP,74,"Echo (ping) reply    id=0x0001, seq=595/21250, ttl=113 (request in 3830)",,
3833,258.7725125,192.168.2.137,216.239.38.120,ICMP,74,"Echo (ping) request  id=0x0001, seq=596/21506, ttl=128 (reply in 3834)",,
3834,258.8057445,216.239.38.120,192.168.2.137,ICMP,74,"Echo (ping) reply    id=0x0001, seq=596/21506, ttl=113 (request in 3833)",,
3836,259.7825872,192.168.2.137,216.239.38.120,ICMP,74,"Echo (ping) request  id=0x0001, seq=597/21762, ttl=128 (reply in 3837)",,
3837,259.816563,216.239.38.120,192.168.2.137,ICMP,74,"Echo (ping) reply    id=0x0001, seq=597/21762, ttl=113 (request in 3836)",,
3838,260.7938359,192.168.2.137,216.239.38.120,ICMP,74,"Echo (ping) request  id=0x0001, seq=598/22018, ttl=128 (reply in 3839)",,
3839,260.8271251,216.239.38.120,192.168.2.137,ICMP,74,"Echo (ping) reply    id=0x0001, seq=598/22018, ttl=113 (request in 3838)",,
3840,261.8045742,192.168.2.137,216.239.38.120,ICMP,74,"Echo (ping) request  id=0x0001, seq=599/22274, ttl=128 (reply in 3841)",,
3841,261.8384871,216.239.38.120,192.168.2.137,ICMP,74,"Echo (ping) reply    id=0x0001, seq=599/22274, ttl=113 (request in 3840)",,
3842,262.8182866,192.168.2.137,216.239.38.120,ICMP,74,"Echo (ping) request  id=0x0001, seq=600/22530, ttl=128 (reply in 3843)",,
3843,262.851323,216.239.38.120,192.168.2.137,ICMP,74,"Echo (ping) reply    id=0x0001, seq=600/22530, ttl=113 (request in 3842)",,
3844,263.8276423,192.168.2.137,216.239.38.120,ICMP,74,"Echo (ping) request  id=0x0001, seq=601/22786, ttl=128 (reply in 3845)",,
3845,263.8608502,216.239.38.120,192.168.2.137,ICMP,74,"Echo (ping) reply    id=0x0001, seq=601/22786, ttl=113 (request in 3844)",,
3848,264.8349963,192.168.2.137,216.239.38.120,ICMP,74,"Echo (ping) request  id=0x0001, seq=602/23042, ttl=128 (reply in 3849)",,
3849,264.8698535,216.239.38.120,192.168.2.137,ICMP,74,"Echo (ping) reply    id=0x0001, seq=602/23042, ttl=113 (request in 3848)",,
3850,265.8528571,192.168.2.137,216.239.38.120,ICMP,74,"Echo (ping) request  id=0x0001, seq=603/23298, ttl=128 (reply in 3851)",,
3851,265.8865451,216.239.38.120,192.168.2.137,ICMP,74,"Echo (ping) reply    id=0x0001, seq=603/23298, ttl=113 (request in 3850)",,
3852,266.8637868,192.168.2.137,216.239.38.120,ICMP,74,"Echo (ping) request  id=0x0001, seq=604/23554, ttl=128 (reply in 3853)",,
3853,266.8970083,216.239.38.120,192.168.2.137,ICMP,74,"Echo (ping) reply    id=0x0001, seq=604/23554, ttl=113 (request in 3852)",,
3854,267.8743675,192.168.2.137,216.239.38.120,ICMP,74,"Echo (ping) request  id=0x0001, seq=605/23810, ttl=128 (reply in 3855)",,
3855,267.9073772,216.239.38.120,192.168.2.137,ICMP,74,"Echo (ping) reply    id=0x0001, seq=605/23810, ttl=113 (request in 3854)",,
3856,268.8886157,192.168.2.137,216.239.38.120,ICMP,74,"Echo (ping) request  id=0x0001, seq=606/24066, ttl=128 (reply in 3857)",,
3857,268.9438351,216.239.38.120,192.168.2.137,ICMP,74,"Echo (ping) reply    id=0x0001, seq=606/24066, ttl=113 (request in 3856)",,
3859,269.9028277,192.168.2.137,216.239.38.120,ICMP,74,"Echo (ping) request  id=0x0001, seq=607/24322, ttl=128 (reply in 3860)",,
3860,269.935317,216.239.38.120,192.168.2.137,ICMP,74,"Echo (ping) reply    id=0x0001, seq=607/24322, ttl=113 (request in 3859)",,
3862,270.9247129,192.168.2.137,216.239.38.120,ICMP,74,"Echo (ping) request  id=0x0001, seq=608/24578, ttl=128 (reply in 3863)",,
3863,270.9580613,216.239.38.120,192.168.2.137,ICMP,74,"Echo (ping) reply    id=0x0001, seq=608/24578, ttl=113 (request in 3862)",,
3865,271.9478542,192.168.2.137,216.239.38.120,ICMP,74,"Echo (ping) request  id=0x0001, seq=609/24834, ttl=128 (reply in 3866)",,
3866,271.9819781,216.239.38.120,192.168.2.137,ICMP,74,"Echo (ping) reply    id=0x0001, seq=609/24834, ttl=113 (request in 3865)",,
3868,272.9603984,192.168.2.137,216.239.38.120,ICMP,74,"Echo (ping) request  id=0x0001, seq=610/25090, ttl=128 (reply in 3869)",,
3869,272.9940874,216.239.38.120,192.168.2.137,ICMP,74,"Echo (ping) reply    id=0x0001, seq=610/25090, ttl=113 (request in 3868)",,
3872,273.9752677,192.168.2.137,216.239.38.120,ICMP,74,"Echo (ping) request  id=0x0001, seq=611/25346, ttl=128 (reply in 3873)",,
3873,274.0079241,216.239.38.120,192.168.2.137,ICMP,74,"Echo (ping) reply    id=0x0001, seq=611/25346, ttl=113 (request in 3872)",,
3874,274.9913342,192.168.2.137,216.239.38.120,ICMP,74,"Echo (ping) request  id=0x0001, seq=612/25602, ttl=128 (reply in 3875)",,
3875,275.0250954,216.239.38.120,192.168.2.137,ICMP,74,"Echo (ping) reply    id=0x0001, seq=612/25602, ttl=113 (request in 3874)",,
3876,276.007928,192.168.2.137,216.239.38.120,ICMP,74,"Echo (ping) request  id=0x0001, seq=613/25858, ttl=128 (reply in 3877)",,
3877,276.0410263,216.239.38.120,192.168.2.137,ICMP,74,"Echo (ping) reply    id=0x0001, seq=613/25858, ttl=113 (request in 3876)",,
3882,277.0172093,192.168.2.137,216.239.38.120,ICMP,74,"Echo (ping) request  id=0x0001, seq=614/26114, ttl=128 (reply in 3883)",,
3883,277.0511631,216.239.38.120,192.168.2.137,ICMP,74,"Echo (ping) reply    id=0x0001, seq=614/26114, ttl=113 (request in 3882)",,
3884,278.0294091,192.168.2.137,216.239.38.120,ICMP,74,"Echo (ping) request  id=0x0001, seq=615/26370, ttl=128 (reply in 3885)",,
3885,278.0636666,216.239.38.120,192.168.2.137,ICMP,74,"Echo (ping) reply    id=0x0001, seq=615/26370, ttl=113 (request in 3884)",,
3886,279.0435185,192.168.2.137,216.239.38.120,ICMP,74,"Echo (ping) request  id=0x0001, seq=616/26626, ttl=128 (reply in 3887)",,
3887,279.0895126,216.239.38.120,192.168.2.137,ICMP,74,"Echo (ping) reply    id=0x0001, seq=616/26626, ttl=113 (request in 3886)",,
3888,280.0554782,192.168.2.137,216.239.38.120,ICMP,74,"Echo (ping) request  id=0x0001, seq=617/26882, ttl=128 (reply in 3889)",,
3889,280.0886519,216.239.38.120,192.168.2.137,ICMP,74,"Echo (ping) reply    id=0x0001, seq=617/26882, ttl=113 (request in 3888)",,
3890,281.0690926,192.168.2.137,216.239.38.120,ICMP,74,"Echo (ping) request  id=0x0001, seq=618/27138, ttl=128 (reply in 3891)",,
3891,281.1023082,216.239.38.120,192.168.2.137,ICMP,74,"Echo (ping) reply    id=0x0001, seq=618/27138, ttl=113 (request in 3890)",,
3892,282.0813314,192.168.2.137,216.239.38.120,ICMP,74,"Echo (ping) request  id=0x0001, seq=619/27394, ttl=128 (reply in 3893)",,
3893,282.1184184,216.239.38.120,192.168.2.137,ICMP,74,"Echo (ping) reply    id=0x0001, seq=619/27394, ttl=113 (request in 3892)",,
3894,283.0917247,192.168.2.137,216.239.38.120,ICMP,74,"Echo (ping) request  id=0x0001, seq=620/27650, ttl=128 (reply in 3895)",,
3895,283.1246832,216.239.38.120,192.168.2.137,ICMP,74,"Echo (ping) reply    id=0x0001, seq=620/27650, ttl=113 (request in 3894)",,
3896,284.1041218,192.168.2.137,216.239.38.120,ICMP,74,"Echo (ping) request  id=0x0001, seq=621/27906, ttl=128 (reply in 3897)",,
3897,284.1379628,216.239.38.120,192.168.2.137,ICMP,74,"Echo (ping) reply    id=0x0001, seq=621/27906, ttl=113 (request in 3896)",,
3898,285.1155913,192.168.2.137,216.239.38.120,ICMP,74,"Echo (ping) request  id=0x0001, seq=622/28162, ttl=128 (reply in 3899)",,
3899,285.1488792,216.239.38.120,192.168.2.137,ICMP,74,"Echo (ping) reply    id=0x0001, seq=622/28162, ttl=113 (request in 3898)",,
3900,286.1233273,192.168.2.137,216.239.38.120,ICMP,74,"Echo (ping) request  id=0x0001, seq=623/28418, ttl=128 (reply in 3901)",,
3901,286.1575426,216.239.38.120,192.168.2.137,ICMP,74,"Echo (ping) reply    id=0x0001, seq=623/28418, ttl=113 (request in 3900)",,
3902,287.1407565,192.168.2.137,216.239.38.120,ICMP,74,"Echo (ping) request  id=0x0001, seq=624/28674, ttl=128 (reply in 3903)",,
3903,287.173889,216.239.38.120,192.168.2.137,ICMP,74,"Echo (ping) reply    id=0x0001, seq=624/28674, ttl=113 (request in 3902)",,
3906,288.1540553,192.168.2.137,216.239.38.120,ICMP,74,"Echo (ping) request  id=0x0001, seq=625/28930, ttl=128 (reply in 3907)",,
3907,288.1876226,216.239.38.120,192.168.2.137,ICMP,74,"Echo (ping) reply    id=0x0001, seq=625/28930, ttl=113 (request in 3906)",,
3908,289.1657483,192.168.2.137,216.239.38.120,ICMP,74,"Echo (ping) request  id=0x0001, seq=626/29186, ttl=128 (reply in 3909)",,
3909,289.2015711,216.239.38.120,192.168.2.137,ICMP,74,"Echo (ping) reply    id=0x0001, seq=626/29186, ttl=113 (request in 3908)",,
3910,290.1779762,192.168.2.137,216.239.38.120,ICMP,74,"Echo (ping) request  id=0x0001, seq=627/29442, ttl=128 (reply in 3911)",,
3911,290.2114924,216.239.38.120,192.168.2.137,ICMP,74,"Echo (ping) reply    id=0x0001, seq=627/29442, ttl=113 (request in 3910)",,
3912,291.1875206,192.168.2.137,216.239.38.120,ICMP,74,"Echo (ping) request  id=0x0001, seq=628/29698, ttl=128 (reply in 3913)",,
3913,291.2212655,216.239.38.120,192.168.2.137,ICMP,74,"Echo (ping) reply    id=0x0001, seq=628/29698, ttl=113 (request in 3912)",,
3916,292.1998609,192.168.2.137,216.239.38.120,ICMP,74,"Echo (ping) request  id=0x0001, seq=629/29954, ttl=128 (reply in 3917)",,
3917,292.2356142,216.239.38.120,192.168.2.137,ICMP,74,"Echo (ping) reply    id=0x0001, seq=629/29954, ttl=113 (request in 3916)",,
3918,293.212252,192.168.2.137,216.239.38.120,ICMP,74,"Echo (ping) request  id=0x0001, seq=630/30210, ttl=128 (reply in 3919)",,
3919,293.2447359,216.239.38.120,192.168.2.137,ICMP,74,"Echo (ping) reply    id=0x0001, seq=630/30210, ttl=113 (request in 3918)",,
3920,294.2206724,192.168.2.137,216.239.38.120,ICMP,74,"Echo (ping) request  id=0x0001, seq=631/30466, ttl=128 (reply in 3921)",,
3921,294.2538114,216.239.38.120,192.168.2.137,ICMP,74,"Echo (ping) reply    id=0x0001, seq=631/30466, ttl=113 (request in 3920)",,
3932,295.2347588,192.168.2.137,216.239.38.120,ICMP,74,"Echo (ping) request  id=0x0001, seq=632/30722, ttl=128 (reply in 3933)",,
3933,295.2684205,216.239.38.120,192.168.2.137,ICMP,74,"Echo (ping) reply    id=0x0001, seq=632/30722, ttl=113 (request in 3932)",,
3934,296.2504028,192.168.2.137,216.239.38.120,ICMP,74,"Echo (ping) request  id=0x0001, seq=633/30978, ttl=128 (reply in 3935)",,
3935,296.2843822,216.239.38.120,192.168.2.137,ICMP,74,"Echo (ping) reply    id=0x0001, seq=633/30978, ttl=113 (request in 3934)",,
3936,297.2606894,192.168.2.137,216.239.38.120,ICMP,74,"Echo (ping) request  id=0x0001, seq=634/31234, ttl=128 (reply in 3937)",,
3937,297.2959936,216.239.38.120,192.168.2.137,ICMP,74,"Echo (ping) reply    id=0x0001, seq=634/31234, ttl=113 (request in 3936)",,
3938,298.2734644,192.168.2.137,216.239.38.120,ICMP,74,"Echo (ping) request  id=0x0001, seq=635/31490, ttl=128 (reply in 3939)",,
3939,298.3113196,216.239.38.120,192.168.2.137,ICMP,74,"Echo (ping) reply    id=0x0001, seq=635/31490, ttl=113 (request in 3938)",,
3968,299.2848713,192.168.2.137,216.239.38.120,ICMP,74,"Echo (ping) request  id=0x0001, seq=636/31746, ttl=128 (reply in 3969)",,
3969,299.3219673,216.239.38.120,192.168.2.137,ICMP,74,"Echo (ping) reply    id=0x0001, seq=636/31746, ttl=113 (request in 3968)",,
3971,300.3001068,192.168.2.137,216.239.38.120,ICMP,74,"Echo (ping) request  id=0x0001, seq=637/32002, ttl=128 (reply in 3972)",,
3972,300.3333894,216.239.38.120,192.168.2.137,ICMP,74,"Echo (ping) reply    id=0x0001, seq=637/32002, ttl=113 (request in 3971)",,
3976,301.308048,192.168.2.137,216.239.38.120,ICMP,74,"Echo (ping) request  id=0x0001, seq=638/32258, ttl=128 (reply in 3977)",,
3977,301.3411546,216.239.38.120,192.168.2.137,ICMP,74,"Echo (ping) reply    id=0x0001, seq=638/32258, ttl=113 (request in 3976)",,
3979,302.3183727,192.168.2.137,216.239.38.120,ICMP,74,"Echo (ping) request  id=0x0001, seq=639/32514, ttl=128 (reply in 3980)",,
3980,302.3634687,216.239.38.120,192.168.2.137,ICMP,74,"Echo (ping) reply    id=0x0001, seq=639/32514, ttl=113 (request in 3979)",,
3981,303.3274959,192.168.2.137,216.239.38.120,ICMP,74,"Echo (ping) request  id=0x0001, seq=640/32770, ttl=128 (reply in 3982)",,
3982,303.360593,216.239.38.120,192.168.2.137,ICMP,74,"Echo (ping) reply    id=0x0001, seq=640/32770, ttl=113 (request in 3981)",,
3983,304.3442792,192.168.2.137,216.239.38.120,ICMP,74,"Echo (ping) request  id=0x0001, seq=641/33026, ttl=128 (reply in 3984)",,
3984,304.3779033,216.239.38.120,192.168.2.137,ICMP,74,"Echo (ping) reply    id=0x0001, seq=641/33026, ttl=113 (request in 3983)",,
3985,305.3540112,192.168.2.137,216.239.38.120,ICMP,74,"Echo (ping) request  id=0x0001, seq=642/33282, ttl=128 (reply in 3986)",,
3986,305.3947864,216.239.38.120,192.168.2.137,ICMP,74,"Echo (ping) reply    id=0x0001, seq=642/33282, ttl=113 (request in 3985)",,
3987,306.3713297,192.168.2.137,216.239.38.120,ICMP,74,"Echo (ping) request  id=0x0001, seq=643/33538, ttl=128 (reply in 3988)",,
3988,306.4058204,216.239.38.120,192.168.2.137,ICMP,74,"Echo (ping) reply    id=0x0001, seq=643/33538, ttl=113 (request in 3987)",,
3989,307.3834903,192.168.2.137,216.239.38.120,ICMP,74,"Echo (ping) request  id=0x0001, seq=644/33794, ttl=128 (reply in 3990)",,
3990,307.4158385,216.239.38.120,192.168.2.137,ICMP,74,"Echo (ping) reply    id=0x0001, seq=644/33794, ttl=113 (request in 3989)",,
3991,308.3982262,192.168.2.137,216.239.38.120,ICMP,74,"Echo (ping) request  id=0x0001, seq=645/34050, ttl=128 (reply in 3992)",,
3992,308.4313044,216.239.38.120,192.168.2.137,ICMP,74,"Echo (ping) reply    id=0x0001, seq=645/34050, ttl=113 (request in 3991)",,
3993,309.4100926,192.168.2.137,216.239.38.120,ICMP,74,"Echo (ping) request  id=0x0001, seq=646/34306, ttl=128 (reply in 3994)",,
3994,309.4453803,216.239.38.120,192.168.2.137,ICMP,74,"Echo (ping) reply    id=0x0001, seq=646/34306, ttl=113 (request in 3993)",,
3995,310.4202467,192.168.2.137,216.239.38.120,ICMP,74,"Echo (ping) request  id=0x0001, seq=647/34562, ttl=128 (reply in 3996)",,
3996,310.4543648,216.239.38.120,192.168.2.137,ICMP,74,"Echo (ping) reply    id=0x0001, seq=647/34562, ttl=113 (request in 3995)",,
